query_id,domain,question_type,run,faithfulness,answer_relevancy,context_recall,context_precision
SUP_QA_0001,Superalloys,single,1,0.8808,0.8387,0.8325,0.9038
SUP_QA_0002,Superalloys,multi,1,0.995,0.995,0.995,0.995
SUP_QA_0003,Superalloys,multi,1,0.7969,0.7546,0.6696,0.8385
SUP_QA_0004,Superalloys,multi,1,0.7336,0.7901,0.9001,0.9454
SUP_QA_0005,Superalloys,single,1,0.706,0.7123,0.7987,0.8022
SUP_QA_0006,Superalloys,single,1,0.983,0.995,0.8942,0.995
SUP_QA_0007,Superalloys,single,1,0.995,0.995,0.995,0.995
SUP_QA_0008,Superalloys,single,1,0.995,0.9335,0.995,0.995
SUP_QA_0009,Superalloys,single,1,0.995,0.995,0.995,0.995
SUP_QA_0010,Superalloys,single,1,0.8823,0.8853,0.9777,0.995
SUP_QA_0011,Superalloys,single,1,0.9897,0.8332,0.9931,0.9555
SUP_QA_0012,Superalloys,single,1,0.863,0.8331,0.8847,0.9366
SUP_QA_0013,Superalloys,multi,1,0.8585,0.7625,0.8904,0.8662
SUP_QA_0014,Superalloys,single,1,0.9348,0.7836,0.9346,0.9284
SUP_QA_0015,Superalloys,single,1,0.995,0.8963,0.9818,0.995
SUP_QA_0016,Superalloys,single,1,0.9218,0.798,0.8308,0.8853
SUP_QA_0017,Superalloys,single,1,0.995,0.995,0.995,0.995
SUP_QA_0018,Superalloys,single,1,0.995,0.995,0.995,0.995
SUP_QA_0019,Superalloys,single,1,0.995,0.995,0.995,0.995
SUP_QA_0020,Superalloys,single,1,0.995,0.9819,0.9905,0.995
SUP_QA_0021,Superalloys,multi,1,0.995,0.995,0.995,0.995
SUP_QA_0022,Superalloys,single,1,0.916,0.7775,0.8389,0.9095
SUP_QA_0023,Superalloys,single,1,0.9617,0.995,0.995,0.995
SUP_QA_0024,Superalloys,single,1,0.8879,0.8439,0.9213,0.9375
SUP_QA_0025,Superalloys,single,1,0.9369,0.995,0.995,0.995
SUP_QA_0026,Superalloys,single,1,0.9641,0.995,0.995,0.995
SUP_QA_0027,Superalloys,multi,1,0.7464,0.7196,0.8687,0.782
SUP_QA_0028,Superalloys,multi,1,0.995,0.9747,0.995,0.995
SUP_QA_0029,Superalloys,single,1,0.9072,0.7981,0.995,0.9446
SUP_QA_0030,Superalloys,multi,1,0.8138,0.7452,0.8135,0.8859
SUP_QA_0031,Superalloys,single,1,0.995,0.995,0.995,0.995
SUP_QA_0032,Superalloys,single,1,0.8629,0.7728,0.9558,0.995
SUP_QA_0033,Superalloys,single,1,0.8343,0.7699,0.9054,0.9288
SUP_QA_0034,Superalloys,multi,1,0.995,0.995,0.8575,0.995
SUP_QA_0035,Superalloys,single,1,0.995,0.984,0.995,0.995
SUP_QA_0036,Superalloys,single,1,0.995,0.995,0.995,0.995
SUP_QA_0037,Superalloys,single,1,0.995,0.995,0.995,0.995
SUP_QA_0038,Superalloys,single,1,0.995,0.995,0.995,0.995
SUP_QA_0039,Superalloys,single,1,0.995,0.781,0.875,0.9548
SUP_QA_0040,Superalloys,multi,1,0.995,0.995,0.9409,0.995
SUP_QA_0041,Superalloys,single,1,0.995,0.995,0.995,0.995
SUP_QA_0042,Superalloys,single,1,0.961,0.9321,0.995,0.9811
SUP_QA_0043,Superalloys,single,1,0.8378,0.7576,0.8302,0.9368
SUP_QA_0044,Superalloys,multi,1,0.9852,0.8425,0.9353,0.995
SUP_QA_0045,Superalloys,single,1,0.8271,0.7658,0.8148,0.9299
SUP_QA_0046,Superalloys,single,1,0.7106,0.62,0.7148,0.78
SUP_QA_0047,Superalloys,multi,1,0.9583,0.8384,0.9497,0.9781
SUP_QA_0048,Superalloys,single,1,0.9921,0.9639,0.995,0.9892
SUP_QA_0049,Superalloys,multi,1,0.8673,0.8263,0.9662,0.9368
SUP_QA_0050,Superalloys,single,1,0.995,0.9462,0.995,0.995
SUP_QA_0051,Superalloys,single,1,0.9689,0.974,0.995,0.995
SUP_QA_0052,Superalloys,single,1,0.8453,0.8174,0.8198,0.9441
SUP_QA_0053,Superalloys,single,1,0.943,0.804,0.9576,0.995
SUP_QA_0054,Superalloys,multi,1,0.9639,0.9143,0.995,0.995
SUP_QA_0055,Superalloys,single,1,0.8565,0.7732,0.8573,0.9463
SUP_QA_0056,Superalloys,single,1,0.8861,0.8823,0.936,0.8946
SUP_QA_0057,Superalloys,single,1,0.8586,0.8775,0.8769,0.9234
SUP_QA_0058,Superalloys,single,1,0.8797,0.8834,0.9214,0.995
SUP_QA_0059,Superalloys,single,1,0.995,0.954,0.995,0.995
SUP_QA_0060,Superalloys,single,1,0.7637,0.6527,0.8159,0.7893
SUP_QA_0061,Superalloys,single,1,0.8081,0.8587,0.9225,0.9093
SUP_QA_0062,Superalloys,multi,1,0.6515,0.5216,0.7017,0.7577
SUP_QA_0063,Superalloys,single,1,0.995,0.995,0.995,0.995
SUP_QA_0064,Superalloys,multi,1,0.995,0.995,0.995,0.995
SUP_QA_0065,Superalloys,single,1,0.995,0.995,0.995,0.995
SUP_QA_0066,Superalloys,single,1,0.995,0.995,0.995,0.995
SUP_QA_0067,Superalloys,multi,1,0.9571,0.7565,0.9048,0.9594
SUP_QA_0068,Superalloys,single,1,0.995,0.995,0.995,0.995
SUP_QA_0069,Superalloys,single,1,0.8869,0.8484,0.9313,0.9551
SUP_QA_0070,Superalloys,multi,1,0.8049,0.726,0.8746,0.8756
SUP_QA_0071,Superalloys,single,1,0.9247,0.767,0.8509,0.9594
SUP_QA_0072,Superalloys,multi,1,0.9679,0.8737,0.995,0.9708
SUP_QA_0073,Superalloys,multi,1,0.6919,0.6263,0.6794,0.7485
SUP_QA_0074,Superalloys,multi,1,0.983,0.9218,0.9857,0.995
SUP_QA_0075,Superalloys,single,1,0.9603,0.9081,0.9913,0.995
SUP_QA_0076,Superalloys,single,1,0.9172,0.8152,0.9399,0.9722
SUP_QA_0077,Superalloys,multi,1,0.995,0.9925,0.995,0.995
SUP_QA_0078,Superalloys,single,1,0.6095,0.606,0.6871,0.7094
SUP_QA_0079,Superalloys,single,1,0.995,0.9078,0.995,0.995
SUP_QA_0080,Superalloys,multi,1,0.995,0.995,0.995,0.995
SUP_QA_0081,Superalloys,multi,1,0.8116,0.7428,0.8682,0.871
SUP_QA_0082,Superalloys,multi,1,0.995,0.995,0.995,0.995
SUP_QA_0083,Superalloys,single,1,0.7541,0.6504,0.8051,0.629
SUP_QA_0084,Superalloys,single,1,0.995,0.995,0.995,0.995
SUP_QA_0085,Superalloys,single,1,0.995,0.995,0.995,0.995
SUP_QA_0086,Superalloys,single,1,0.995,0.995,0.995,0.995
SUP_QA_0087,Superalloys,multi,1,0.995,0.995,0.995,0.995
SUP_QA_0088,Superalloys,single,1,0.8662,0.832,0.9071,0.957
SUP_QA_0089,Superalloys,single,1,0.995,0.8778,0.993,0.995
SUP_QA_0090,Superalloys,single,1,0.7834,0.8416,0.9371,0.9355
SUP_QA_0091,Superalloys,multi,1,0.9637,0.7695,0.8755,0.9511
SUP_QA_0092,Superalloys,single,1,0.709,0.4933,0.6872,0.7742
SUP_QA_0093,Superalloys,multi,1,0.995,0.9299,0.995,0.995
SUP_QA_0094,Superalloys,multi,1,0.995,0.995,0.995,0.995
SUP_QA_0095,Superalloys,multi,1,0.9885,0.7909,0.8655,0.949
SUP_QA_0096,Superalloys,single,1,0.995,0.995,0.995,0.995
SUP_QA_0097,Superalloys,multi,1,0.8766,0.8163,0.8637,0.9628
SUP_QA_0098,Superalloys,single,1,0.6603,0.5875,0.6958,0.7168
SUP_QA_0099,Superalloys,single,1,0.995,0.995,0.9806,0.995
SUP_QA_0100,Superalloys,multi,1,0.6505,0.5679,0.7855,0.7719
SUP_QA_0101,Superalloys,single,1,0.8859,0.8486,0.995,0.943
SUP_QA_0102,Superalloys,multi,1,0.9881,0.9522,0.8991,0.9332
SUP_QA_0103,Superalloys,multi,1,0.995,0.995,0.995,0.995
SUP_QA_0104,Superalloys,single,1,0.7546,0.7958,0.8737,0.8767
SUP_QA_0105,Superalloys,single,1,0.995,0.995,0.995,0.995
SUP_QA_0106,Superalloys,single,1,0.8984,0.8054,0.8624,0.9401
SUP_QA_0107,Superalloys,single,1,0.8873,0.8066,0.9604,0.8682
SUP_QA_0108,Superalloys,single,1,0.9266,0.8995,0.9535,0.9577
SUP_QA_0109,Superalloys,single,1,0.9236,0.917,0.8279,0.9303
SUP_QA_0110,Superalloys,single,1,0.995,0.995,0.995,0.995
SUP_QA_0111,Superalloys,single,1,0.9767,0.8893,0.9066,0.9523
SUP_QA_0112,Superalloys,multi,1,0.995,0.995,0.995,0.995
SUP_QA_0113,Superalloys,single,1,0.8414,0.8909,0.8121,0.9852
SUP_QA_0114,Superalloys,single,1,0.6402,0.5475,0.6381,0.6958
SUP_QA_0115,Superalloys,multi,1,0.8906,0.8962,0.9518,0.9581
SUP_QA_0116,Superalloys,multi,1,0.995,0.9205,0.9701,0.995
SUP_QA_0117,Superalloys,multi,1,0.9372,0.9651,0.9891,0.995
SUP_QA_0118,Superalloys,single,1,0.8739,0.7926,0.8907,0.9808
SUP_QA_0119,Superalloys,single,1,0.995,0.9827,0.995,0.995
SUP_QA_0120,Superalloys,single,1,0.7754,0.6752,0.8156,0.8959
SUP_QA_0121,Superalloys,single,1,0.7041,0.7098,0.7799,0.7322
SUP_QA_0122,Superalloys,single,1,0.995,0.995,0.995,0.995
SUP_QA_0123,Superalloys,single,1,0.995,0.995,0.995,0.995
SUP_QA_0124,Superalloys,single,1,0.6488,0.6655,0.7299,0.8485
SUP_QA_0125,Superalloys,multi,1,0.8745,0.9395,0.858,0.9653
SUP_QA_0126,Superalloys,multi,1,0.8035,0.6927,0.7859,0.7875
SUP_QA_0127,Superalloys,single,1,0.995,0.9693,0.995,0.995
SUP_QA_0128,Superalloys,multi,1,0.9718,0.9369,0.995,0.9592
SUP_QA_0129,Superalloys,multi,1,0.7279,0.7956,0.9206,0.8799
SUP_QA_0130,Superalloys,multi,1,0.995,0.9833,0.995,0.995
SUP_QA_0131,Superalloys,single,1,0.995,0.865,0.995,0.964
SUP_QA_0132,Superalloys,multi,1,0.995,0.995,0.995,0.9666
SUP_QA_0001,Superalloys,single,2,0.8723,0.8048,0.8709,0.8896
SUP_QA_0002,Superalloys,multi,2,0.995,0.995,0.995,0.995
SUP_QA_0003,Superalloys,multi,2,0.7744,0.7251,0.6525,0.8028
SUP_QA_0004,Superalloys,multi,2,0.6823,0.883,0.8928,0.9017
SUP_QA_0005,Superalloys,single,2,0.676,0.6683,0.811,0.804
SUP_QA_0006,Superalloys,single,2,0.9445,0.995,0.8921,0.9721
SUP_QA_0007,Superalloys,single,2,0.995,0.995,0.9932,0.995
SUP_QA_0008,Superalloys,single,2,0.995,0.9604,0.995,0.995
SUP_QA_0009,Superalloys,single,2,0.995,0.995,0.995,0.995
SUP_QA_0010,Superalloys,single,2,0.8903,0.8733,0.9253,0.9216
SUP_QA_0011,Superalloys,single,2,0.8747,0.845,0.9092,0.9464
SUP_QA_0012,Superalloys,single,2,0.7984,0.7884,0.857,0.9368
SUP_QA_0013,Superalloys,multi,2,0.8703,0.8106,0.8068,0.868
SUP_QA_0014,Superalloys,single,2,0.917,0.7459,0.9515,0.9357
SUP_QA_0015,Superalloys,single,2,0.9635,0.9079,0.995,0.9817
SUP_QA_0016,Superalloys,single,2,0.8488,0.8151,0.8712,0.89
SUP_QA_0017,Superalloys,single,2,0.995,0.995,0.995,0.995
SUP_QA_0018,Superalloys,single,2,0.995,0.995,0.995,0.995
SUP_QA_0019,Superalloys,single,2,0.995,0.995,0.995,0.995
SUP_QA_0020,Superalloys,single,2,0.9749,0.995,0.971,0.995
SUP_QA_0021,Superalloys,multi,2,0.995,0.995,0.995,0.995
SUP_QA_0022,Superalloys,single,2,0.7803,0.8249,0.8519,0.9144
SUP_QA_0023,Superalloys,single,2,0.9522,0.995,0.995,0.995
SUP_QA_0024,Superalloys,single,2,0.8035,0.8661,0.8932,0.9386
SUP_QA_0025,Superalloys,single,2,0.9081,0.9604,0.9842,0.995
SUP_QA_0026,Superalloys,single,2,0.8666,0.995,0.995,0.995
SUP_QA_0027,Superalloys,multi,2,0.7086,0.7441,0.8367,0.7809
SUP_QA_0028,Superalloys,multi,2,0.995,0.995,0.995,0.995
SUP_QA_0029,Superalloys,single,2,0.8374,0.8802,0.9312,0.8979
SUP_QA_0030,Superalloys,multi,2,0.7654,0.8304,0.8048,0.8638
SUP_QA_0031,Superalloys,single,2,0.995,0.995,0.995,0.995
SUP_QA_0032,Superalloys,single,2,0.8351,0.7907,0.8802,0.9504
SUP_QA_0033,Superalloys,single,2,0.8027,0.7729,0.8894,0.8895
SUP_QA_0034,Superalloys,multi,2,0.9903,0.995,0.865,0.995
SUP_QA_0035,Superalloys,single,2,0.9357,0.995,0.995,0.995
SUP_QA_0036,Superalloys,single,2,0.995,0.995,0.995,0.995
SUP_QA_0037,Superalloys,single,2,0.995,0.9874,0.995,0.995
SUP_QA_0038,Superalloys,single,2,0.995,0.995,0.995,0.995
SUP_QA_0039,Superalloys,single,2,0.9548,0.8115,0.8811,0.9304
SUP_QA_0040,Superalloys,multi,2,0.995,0.995,0.8747,0.995
SUP_QA_0041,Superalloys,single,2,0.995,0.995,0.9636,0.995
SUP_QA_0042,Superalloys,single,2,0.9449,0.995,0.995,0.995
SUP_QA_0043,Superalloys,single,2,0.8229,0.804,0.772,0.8901
SUP_QA_0044,Superalloys,multi,2,0.9397,0.8911,0.9758,0.9729
SUP_QA_0045,Superalloys,single,2,0.7577,0.7244,0.8167,0.9276
SUP_QA_0046,Superalloys,single,2,0.61,0.6471,0.7499,0.7284
SUP_QA_0047,Superalloys,multi,2,0.9083,0.8016,0.8942,0.9619
SUP_QA_0048,Superalloys,single,2,0.915,0.9638,0.995,0.995
SUP_QA_0049,Superalloys,multi,2,0.8244,0.908,0.9116,0.906
SUP_QA_0050,Superalloys,single,2,0.9521,0.9618,0.9621,0.995
SUP_QA_0051,Superalloys,single,2,0.8856,0.995,0.995,0.962
SUP_QA_0052,Superalloys,single,2,0.8372,0.7651,0.7885,0.9334
SUP_QA_0053,Superalloys,single,2,0.8887,0.8854,0.9517,0.995
SUP_QA_0054,Superalloys,multi,2,0.9218,0.9402,0.9411,0.9791
SUP_QA_0055,Superalloys,single,2,0.7878,0.7721,0.8419,0.941
SUP_QA_0056,Superalloys,single,2,0.8793,0.8742,0.9258,0.8768
SUP_QA_0057,Superalloys,single,2,0.8162,0.8555,0.8882,0.9301
SUP_QA_0058,Superalloys,single,2,0.8665,0.9488,0.9163,0.9421
SUP_QA_0059,Superalloys,single,2,0.9601,0.9577,0.995,0.995
SUP_QA_0060,Superalloys,single,2,0.7494,0.621,0.7869,0.7865
SUP_QA_0061,Superalloys,single,2,0.8533,0.8305,0.9702,0.9345
SUP_QA_0062,Superalloys,multi,2,0.5837,0.5639,0.6924,0.7154
SUP_QA_0063,Superalloys,single,2,0.995,0.995,0.995,0.995
SUP_QA_0064,Superalloys,multi,2,0.995,0.995,0.995,0.995
SUP_QA_0065,Superalloys,single,2,0.995,0.995,0.995,0.995
SUP_QA_0066,Superalloys,single,2,0.995,0.995,0.995,0.995
SUP_QA_0067,Superalloys,multi,2,0.9534,0.7484,0.9241,0.9281
SUP_QA_0068,Superalloys,single,2,0.995,0.995,0.995,0.995
SUP_QA_0069,Superalloys,single,2,0.8882,0.8032,0.9189,0.9222
SUP_QA_0070,Superalloys,multi,2,0.7329,0.7835,0.8256,0.8817
SUP_QA_0071,Superalloys,single,2,0.944,0.8825,0.8867,0.9106
SUP_QA_0072,Superalloys,multi,2,0.8999,0.8548,0.9709,0.9265
SUP_QA_0073,Superalloys,multi,2,0.6594,0.6206,0.6229,0.7797
SUP_QA_0074,Superalloys,multi,2,0.9481,0.995,0.995,0.995
SUP_QA_0075,Superalloys,single,2,0.9882,0.953,0.9209,0.995
SUP_QA_0076,Superalloys,single,2,0.8812,0.8495,0.9092,0.91
SUP_QA_0077,Superalloys,multi,2,0.9844,0.995,0.9375,0.995
SUP_QA_0078,Superalloys,single,2,0.6228,0.6721,0.6864,0.6631
SUP_QA_0079,Superalloys,single,2,0.9795,0.8962,0.95,0.9696
SUP_QA_0080,Superalloys,multi,2,0.995,0.995,0.995,0.995
SUP_QA_0081,Superalloys,multi,2,0.8451,0.7889,0.8589,0.8861
SUP_QA_0082,Superalloys,multi,2,0.9822,0.995,0.995,0.995
SUP_QA_0083,Superalloys,single,2,0.7646,0.6245,0.7659,0.5747
SUP_QA_0084,Superalloys,single,2,0.995,0.995,0.995,0.995
SUP_QA_0085,Superalloys,single,2,0.995,0.995,0.995,0.995
SUP_QA_0086,Superalloys,single,2,0.995,0.995,0.995,0.995
SUP_QA_0087,Superalloys,multi,2,0.995,0.995,0.995,0.995
SUP_QA_0088,Superalloys,single,2,0.8588,0.8225,0.8796,0.9255
SUP_QA_0089,Superalloys,single,2,0.9788,0.9166,0.9624,0.995
SUP_QA_0090,Superalloys,single,2,0.7791,0.9159,0.9227,0.9787
SUP_QA_0091,Superalloys,multi,2,0.9757,0.8186,0.9118,0.8969
SUP_QA_0092,Superalloys,single,2,0.6843,0.5727,0.6595,0.7109
SUP_QA_0093,Superalloys,multi,2,0.9625,0.9818,0.995,0.995
SUP_QA_0094,Superalloys,multi,2,0.995,0.995,0.995,0.995
SUP_QA_0095,Superalloys,multi,2,0.9527,0.7535,0.8349,0.9385
SUP_QA_0096,Superalloys,single,2,0.995,0.995,0.995,0.995
SUP_QA_0097,Superalloys,multi,2,0.8943,0.7396,0.8445,0.9382
SUP_QA_0098,Superalloys,single,2,0.6567,0.6163,0.7012,0.7245
SUP_QA_0099,Superalloys,single,2,0.995,0.988,0.9508,0.995
SUP_QA_0100,Superalloys,multi,2,0.6299,0.646,0.692,0.7644
SUP_QA_0101,Superalloys,single,2,0.9216,0.9369,0.9375,0.9232
SUP_QA_0102,Superalloys,multi,2,0.8964,0.9715,0.8911,0.9106
SUP_QA_0103,Superalloys,multi,2,0.995,0.995,0.995,0.995
SUP_QA_0104,Superalloys,single,2,0.7339,0.8399,0.8541,0.8293
SUP_QA_0105,Superalloys,single,2,0.995,0.995,0.995,0.995
SUP_QA_0106,Superalloys,single,2,0.8809,0.8317,0.8863,0.9075
SUP_QA_0107,Superalloys,single,2,0.871,0.8455,0.92,0.8099
SUP_QA_0108,Superalloys,single,2,0.8548,0.8629,0.9386,0.9559
SUP_QA_0109,Superalloys,single,2,0.8847,0.8953,0.8332,0.9462
SUP_QA_0110,Superalloys,single,2,0.995,0.995,0.995,0.995
SUP_QA_0111,Superalloys,single,2,0.9595,0.9001,0.8928,0.943
SUP_QA_0112,Superalloys,multi,2,0.9159,0.995,0.9852,0.9886
SUP_QA_0113,Superalloys,single,2,0.7884,0.8246,0.8182,0.9496
SUP_QA_0114,Superalloys,single,2,0.606,0.5659,0.6435,0.6629
SUP_QA_0115,Superalloys,multi,2,0.895,0.9033,0.9121,0.9427
SUP_QA_0116,Superalloys,multi,2,0.9532,0.937,0.917,0.9782
SUP_QA_0117,Superalloys,multi,2,0.9276,0.975,0.995,0.9659
SUP_QA_0118,Superalloys,single,2,0.9062,0.8506,0.9019,0.9525
SUP_QA_0119,Superalloys,single,2,0.995,0.9331,0.995,0.995
SUP_QA_0120,Superalloys,single,2,0.7517,0.6903,0.7901,0.8911
SUP_QA_0121,Superalloys,single,2,0.6922,0.6817,0.7606,0.7273
SUP_QA_0122,Superalloys,single,2,0.995,0.995,0.995,0.995
SUP_QA_0123,Superalloys,single,2,0.9578,0.995,0.995,0.995
SUP_QA_0124,Superalloys,single,2,0.6511,0.7003,0.7025,0.8668
SUP_QA_0125,Superalloys,multi,2,0.882,0.9657,0.8808,0.9567
SUP_QA_0126,Superalloys,multi,2,0.7673,0.7318,0.7011,0.8024
SUP_QA_0127,Superalloys,single,2,0.995,0.995,0.995,0.995
SUP_QA_0128,Superalloys,multi,2,0.9396,0.8928,0.9317,0.9471
SUP_QA_0129,Superalloys,multi,2,0.6487,0.8073,0.8684,0.8835
SUP_QA_0130,Superalloys,multi,2,0.995,0.995,0.995,0.995
SUP_QA_0131,Superalloys,single,2,0.995,0.9766,0.995,0.9816
SUP_QA_0132,Superalloys,multi,2,0.995,0.995,0.995,0.9323
SUP_QA_0001,Superalloys,single,3,0.8543,0.7938,0.847,0.8782
SUP_QA_0002,Superalloys,multi,3,0.995,0.995,0.995,0.995
SUP_QA_0003,Superalloys,multi,3,0.7459,0.691,0.7195,0.7615
SUP_QA_0004,Superalloys,multi,3,0.7425,0.792,0.9662,0.9041
SUP_QA_0005,Superalloys,single,3,0.6865,0.6755,0.8357,0.7244
SUP_QA_0006,Superalloys,single,3,0.9378,0.995,0.9222,0.9515
SUP_QA_0007,Superalloys,single,3,0.995,0.995,0.995,0.995
SUP_QA_0008,Superalloys,single,3,0.995,0.9154,0.995,0.995
SUP_QA_0009,Superalloys,single,3,0.995,0.9411,0.995,0.995
SUP_QA_0010,Superalloys,single,3,0.9083,0.8673,0.995,0.9407
SUP_QA_0011,Superalloys,single,3,0.9481,0.795,0.9688,0.9091
SUP_QA_0012,Superalloys,single,3,0.8688,0.7668,0.9257,0.916
SUP_QA_0013,Superalloys,multi,3,0.8864,0.7584,0.8868,0.8487
SUP_QA_0014,Superalloys,single,3,0.9262,0.8682,0.995,0.8862
SUP_QA_0015,Superalloys,single,3,0.9714,0.924,0.995,0.995
SUP_QA_0016,Superalloys,single,3,0.8887,0.8097,0.8579,0.8398
SUP_QA_0017,Superalloys,single,3,0.995,0.995,0.995,0.995
SUP_QA_0018,Superalloys,single,3,0.995,0.995,0.995,0.995
SUP_QA_0019,Superalloys,single,3,0.995,0.995,0.995,0.995
SUP_QA_0020,Superalloys,single,3,0.9645,0.9914,0.995,0.995
SUP_QA_0021,Superalloys,multi,3,0.995,0.995,0.995,0.995
SUP_QA_0022,Superalloys,single,3,0.8877,0.7843,0.8417,0.8344
SUP_QA_0023,Superalloys,single,3,0.9688,0.9736,0.995,0.995
SUP_QA_0024,Superalloys,single,3,0.8606,0.7637,0.9463,0.9173
SUP_QA_0025,Superalloys,single,3,0.91,0.9323,0.995,0.9791
SUP_QA_0026,Superalloys,single,3,0.9145,0.9428,0.995,0.995
SUP_QA_0027,Superalloys,multi,3,0.6916,0.6664,0.8227,0.7453
SUP_QA_0028,Superalloys,multi,3,0.995,0.995,0.995,0.995
SUP_QA_0029,Superalloys,single,3,0.8805,0.8188,0.9596,0.9016
SUP_QA_0030,Superalloys,multi,3,0.8474,0.7478,0.8359,0.8421
SUP_QA_0031,Superalloys,single,3,0.995,0.995,0.995,0.995
SUP_QA_0032,Superalloys,single,3,0.8725,0.7825,0.9427,0.9548
SUP_QA_0033,Superalloys,single,3,0.8429,0.7561,0.8985,0.8819
SUP_QA_0034,Superalloys,multi,3,0.995,0.9641,0.9076,0.995
SUP_QA_0035,Superalloys,single,3,0.9804,0.9683,0.995,0.995
SUP_QA_0036,Superalloys,single,3,0.995,0.995,0.995,0.995
SUP_QA_0037,Superalloys,single,3,0.995,0.9588,0.995,0.995
SUP_QA_0038,Superalloys,single,3,0.995,0.995,0.995,0.995
SUP_QA_0039,Superalloys,single,3,0.9415,0.7938,0.9014,0.8765
SUP_QA_0040,Superalloys,multi,3,0.995,0.995,0.9509,0.995
SUP_QA_0041,Superalloys,single,3,0.995,0.995,0.995,0.995
SUP_QA_0042,Superalloys,single,3,0.995,0.8708,0.995,0.995
SUP_QA_0043,Superalloys,single,3,0.818,0.7761,0.9132,0.9452
SUP_QA_0044,Superalloys,multi,3,0.9862,0.8782,0.947,0.927
SUP_QA_0045,Superalloys,single,3,0.7559,0.6874,0.8457,0.86
SUP_QA_0046,Superalloys,single,3,0.6691,0.6081,0.7493,0.7219
SUP_QA_0047,Superalloys,multi,3,0.995,0.7757,0.9537,0.9259
SUP_QA_0048,Superalloys,single,3,0.9769,0.9157,0.995,0.9788
SUP_QA_0049,Superalloys,multi,3,0.8789,0.7818,0.9711,0.9285
SUP_QA_0050,Superalloys,single,3,0.9938,0.9014,0.995,0.995
SUP_QA_0051,Superalloys,single,3,0.9008,0.9463,0.995,0.924
SUP_QA_0052,Superalloys,single,3,0.8658,0.7628,0.8216,0.8662
SUP_QA_0053,Superalloys,single,3,0.9287,0.8522,0.995,0.995
SUP_QA_0054,Superalloys,multi,3,0.9942,0.8633,0.995,0.9791
SUP_QA_0055,Superalloys,single,3,0.8394,0.7496,0.9095,0.8922
SUP_QA_0056,Superalloys,single,3,0.8842,0.9116,0.9808,0.8782
SUP_QA_0057,Superalloys,single,3,0.8114,0.8626,0.9311,0.9405
SUP_QA_0058,Superalloys,single,3,0.8952,0.8956,0.9749,0.9771
SUP_QA_0059,Superalloys,single,3,0.995,0.9651,0.995,0.995
SUP_QA_0060,Superalloys,single,3,0.7067,0.5741,0.8528,0.7767
SUP_QA_0061,Superalloys,single,3,0.8297,0.7878,0.9668,0.9098
SUP_QA_0062,Superalloys,multi,3,0.5421,0.5327,0.7231,0.7209
SUP_QA_0063,Superalloys,single,3,0.995,0.995,0.995,0.995
SUP_QA_0064,Superalloys,multi,3,0.995,0.995,0.995,0.995
SUP_QA_0065,Superalloys,single,3,0.995,0.995,0.995,0.995
SUP_QA_0066,Superalloys,single,3,0.995,0.9456,0.995,0.995
SUP_QA_0067,Superalloys,multi,3,0.959,0.7665,0.9163,0.9003
SUP_QA_0068,Superalloys,single,3,0.995,0.995,0.995,0.995
SUP_QA_0069,Superalloys,single,3,0.889,0.8082,0.9642,0.8941
SUP_QA_0070,Superalloys,multi,3,0.8121,0.6891,0.9049,0.8194
SUP_QA_0071,Superalloys,single,3,0.9488,0.7857,0.8788,0.9433
SUP_QA_0072,Superalloys,multi,3,0.9659,0.7998,0.995,0.9289
SUP_QA_0073,Superalloys,multi,3,0.6756,0.5875,0.7054,0.7139
SUP_QA_0074,Superalloys,multi,3,0.9385,0.9399,0.995,0.995
SUP_QA_0075,Superalloys,single,3,0.995,0.9183,0.995,0.995
SUP_QA_0076,Superalloys,single,3,0.8752,0.8767,0.8969,0.9219
SUP_QA_0077,Superalloys,multi,3,0.995,0.9854,0.9785,0.995
SUP_QA_0078,Superalloys,single,3,0.5955,0.5572,0.739,0.6102
SUP_QA_0079,Superalloys,single,3,0.995,0.9017,0.987,0.9563
SUP_QA_0080,Superalloys,multi,3,0.995,0.995,0.995,0.995
SUP_QA_0081,Superalloys,multi,3,0.8226,0.7398,0.972,0.8681
SUP_QA_0082,Superalloys,multi,3,0.995,0.995,0.995,0.995
SUP_QA_0083,Superalloys,single,3,0.7608,0.5748,0.797,0.5227
SUP_QA_0084,Superalloys,single,3,0.995,0.995,0.995,0.995
SUP_QA_0085,Superalloys,single,3,0.995,0.995,0.995,0.995
SUP_QA_0086,Superalloys,single,3,0.995,0.995,0.995,0.995
SUP_QA_0087,Superalloys,multi,3,0.995,0.995,0.995,0.995
SUP_QA_0088,Superalloys,single,3,0.8239,0.8293,0.9273,0.9422
SUP_QA_0089,Superalloys,single,3,0.9766,0.8525,0.995,0.9456
SUP_QA_0090,Superalloys,single,3,0.7945,0.854,0.9648,0.9219
SUP_QA_0091,Superalloys,multi,3,0.9419,0.8403,0.9002,0.8554
SUP_QA_0092,Superalloys,single,3,0.6273,0.4822,0.6467,0.7026
SUP_QA_0093,Superalloys,multi,3,0.9698,0.9424,0.995,0.9927
SUP_QA_0094,Superalloys,multi,3,0.995,0.995,0.995,0.995
SUP_QA_0095,Superalloys,multi,3,0.9395,0.7838,0.8274,0.9398
SUP_QA_0096,Superalloys,single,3,0.995,0.995,0.995,0.995
SUP_QA_0097,Superalloys,multi,3,0.9295,0.7555,0.9032,0.9649
SUP_QA_0098,Superalloys,single,3,0.6516,0.5434,0.7206,0.6712
SUP_QA_0099,Superalloys,single,3,0.995,0.995,0.9523,0.9871
SUP_QA_0100,Superalloys,multi,3,0.582,0.5432,0.7816,0.7593
SUP_QA_0101,Superalloys,single,3,0.8879,0.873,0.995,0.9039
SUP_QA_0102,Superalloys,multi,3,0.9815,0.921,0.8914,0.8305
SUP_QA_0103,Superalloys,multi,3,0.995,0.995,0.995,0.995
SUP_QA_0104,Superalloys,single,3,0.7285,0.7542,0.9519,0.8028
SUP_QA_0105,Superalloys,single,3,0.995,0.995,0.995,0.995
SUP_QA_0106,Superalloys,single,3,0.9651,0.8049,0.8738,0.8524
SUP_QA_0107,Superalloys,single,3,0.8555,0.7851,0.9274,0.7918
SUP_QA_0108,Superalloys,single,3,0.9088,0.8616,0.9259,0.9236
SUP_QA_0109,Superalloys,single,3,0.8619,0.8825,0.8807,0.937
SUP_QA_0110,Superalloys,single,3,0.995,0.995,0.995,0.995
SUP_QA_0111,Superalloys,single,3,0.9539,0.861,0.9253,0.8696
SUP_QA_0112,Superalloys,multi,3,0.995,0.9714,0.995,0.995
SUP_QA_0113,Superalloys,single,3,0.8366,0.8621,0.9082,0.9272
SUP_QA_0114,Superalloys,single,3,0.6773,0.5125,0.648,0.6604
SUP_QA_0115,Superalloys,multi,3,0.8959,0.8763,0.9452,0.9326
SUP_QA_0116,Superalloys,multi,3,0.9858,0.9451,0.9589,0.9396
SUP_QA_0117,Superalloys,multi,3,0.9356,0.9363,0.995,0.968
SUP_QA_0118,Superalloys,single,3,0.9358,0.8269,0.9103,0.9414
SUP_QA_0119,Superalloys,single,3,0.9768,0.9452,0.995,0.995
SUP_QA_0120,Superalloys,single,3,0.7923,0.6305,0.8204,0.8549
SUP_QA_0121,Superalloys,single,3,0.7339,0.6099,0.8143,0.6915
SUP_QA_0122,Superalloys,single,3,0.995,0.995,0.995,0.995
SUP_QA_0123,Superalloys,single,3,0.995,0.995,0.995,0.995
SUP_QA_0124,Superalloys,single,3,0.6825,0.6084,0.7762,0.8152
SUP_QA_0125,Superalloys,multi,3,0.8725,0.9381,0.9142,0.9465
SUP_QA_0126,Superalloys,multi,3,0.7389,0.6954,0.7401,0.7726
SUP_QA_0127,Superalloys,single,3,0.995,0.965,0.995,0.995
SUP_QA_0128,Superalloys,multi,3,0.955,0.8963,0.9626,0.9316
SUP_QA_0129,Superalloys,multi,3,0.7115,0.8147,0.8473,0.8669
SUP_QA_0130,Superalloys,multi,3,0.995,0.9883,0.987,0.995
SUP_QA_0131,Superalloys,single,3,0.995,0.8877,0.995,0.9521
SUP_QA_0132,Superalloys,multi,3,0.995,0.9812,0.995,0.907
SEM_QA_0001,Semiconductors,single,1,0.8213,0.9303,0.8888,0.8925
SEM_QA_0002,Semiconductors,single,1,0.984,0.8675,0.8635,0.9627
SEM_QA_0003,Semiconductors,single,1,0.828,0.8141,0.8115,0.903
SEM_QA_0004,Semiconductors,single,1,0.995,0.995,0.9855,0.995
SEM_QA_0005,Semiconductors,multi,1,0.9545,0.8502,0.8984,0.942
SEM_QA_0006,Semiconductors,multi,1,0.8051,0.8427,0.9172,0.9154
SEM_QA_0007,Semiconductors,single,1,0.8375,0.8794,0.8907,0.9247
SEM_QA_0008,Semiconductors,single,1,0.7897,0.8598,0.9138,0.8528
SEM_QA_0009,Semiconductors,single,1,0.995,0.995,0.9927,0.995
SEM_QA_0010,Semiconductors,single,1,0.7628,0.7593,0.7641,0.7794
SEM_QA_0011,Semiconductors,single,1,0.5621,0.3999,0.5501,0.6202
SEM_QA_0012,Semiconductors,single,1,0.995,0.8767,0.8307,0.9095
SEM_QA_0013,Semiconductors,multi,1,0.995,0.995,0.995,0.995
SEM_QA_0014,Semiconductors,single,1,0.991,0.987,0.995,0.995
SEM_QA_0015,Semiconductors,multi,1,0.995,0.995,0.995,0.995
SEM_QA_0016,Semiconductors,single,1,0.7533,0.6616,0.7415,0.8062
SEM_QA_0017,Semiconductors,single,1,0.9114,0.9629,0.9696,0.9545
SEM_QA_0018,Semiconductors,multi,1,0.922,0.8462,0.8917,0.97
SEM_QA_0019,Semiconductors,single,1,0.995,0.995,0.995,0.995
SEM_QA_0020,Semiconductors,single,1,0.8491,0.9009,0.9409,0.9594
SEM_QA_0021,Semiconductors,single,1,0.9367,0.8658,0.995,0.995
SEM_QA_0022,Semiconductors,single,1,0.9908,0.995,0.995,0.995
SEM_QA_0023,Semiconductors,single,1,0.7792,0.7036,0.8426,0.9224
SEM_QA_0024,Semiconductors,multi,1,0.6794,0.6768,0.6639,0.766
SEM_QA_0025,Semiconductors,single,1,0.9461,0.8962,0.9811,0.9881
SEM_QA_0026,Semiconductors,single,1,0.9541,0.958,0.9364,0.995
SEM_QA_0027,Semiconductors,single,1,0.995,0.9643,0.995,0.9843
SEM_QA_0028,Semiconductors,multi,1,0.995,0.9901,0.9431,0.9806
SEM_QA_0029,Semiconductors,single,1,0.9408,0.85,0.9922,0.957
SEM_QA_0030,Semiconductors,single,1,0.8204,0.7503,0.8441,0.8809
SEM_QA_0031,Semiconductors,multi,1,0.995,0.995,0.995,0.995
SEM_QA_0032,Semiconductors,single,1,0.9447,0.8655,0.9356,0.9382
SEM_QA_0033,Semiconductors,multi,1,0.7852,0.7497,0.776,0.7948
SEM_QA_0034,Semiconductors,multi,1,0.8275,0.883,0.7954,0.8395
SEM_QA_0035,Semiconductors,single,1,0.995,0.995,0.995,0.995
SEM_QA_0036,Semiconductors,single,1,0.995,0.9766,0.995,0.9649
SEM_QA_0037,Semiconductors,multi,1,0.995,0.995,0.995,0.995
SEM_QA_0038,Semiconductors,single,1,0.7418,0.5561,0.6939,0.8103
SEM_QA_0039,Semiconductors,multi,1,0.7306,0.7199,0.759,0.8076
SEM_QA_0040,Semiconductors,multi,1,0.9295,0.8836,0.9354,0.9213
SEM_QA_0041,Semiconductors,single,1,0.8963,0.8494,0.9916,0.995
SEM_QA_0042,Semiconductors,multi,1,0.995,0.9852,0.995,0.995
SEM_QA_0043,Semiconductors,multi,1,0.8324,0.8691,0.7941,0.8979
SEM_QA_0044,Semiconductors,multi,1,0.7047,0.7468,0.768,0.8689
SEM_QA_0045,Semiconductors,single,1,0.9266,0.9193,0.9632,0.9572
SEM_QA_0046,Semiconductors,single,1,0.8167,0.7739,0.8883,0.9006
SEM_QA_0047,Semiconductors,single,1,0.995,0.995,0.995,0.995
SEM_QA_0048,Semiconductors,multi,1,0.8876,0.8906,0.8837,0.9668
SEM_QA_0049,Semiconductors,multi,1,0.6295,0.6071,0.6345,0.7967
SEM_QA_0050,Semiconductors,single,1,0.7986,0.8356,0.7934,0.8113
SEM_QA_0051,Semiconductors,single,1,0.9319,0.9602,0.9911,0.9875
SEM_QA_0052,Semiconductors,single,1,0.995,0.995,0.995,0.995
SEM_QA_0053,Semiconductors,single,1,0.7238,0.7757,0.7674,0.7786
SEM_QA_0054,Semiconductors,single,1,0.7578,0.6402,0.7971,0.806
SEM_QA_0055,Semiconductors,multi,1,0.7006,0.5949,0.6597,0.7164
SEM_QA_0056,Semiconductors,multi,1,0.9599,0.995,0.9668,0.995
SEM_QA_0057,Semiconductors,multi,1,0.8419,0.7648,0.8878,0.8662
SEM_QA_0058,Semiconductors,multi,1,0.995,0.995,0.995,0.995
SEM_QA_0059,Semiconductors,single,1,0.7453,0.7583,0.8093,0.8602
SEM_QA_0060,Semiconductors,single,1,0.8891,0.6692,0.8307,0.8925
SEM_QA_0061,Semiconductors,single,1,0.9212,0.9903,0.995,0.995
SEM_QA_0062,Semiconductors,single,1,0.995,0.995,0.9504,0.9949
SEM_QA_0063,Semiconductors,multi,1,0.9065,0.995,0.995,0.995
SEM_QA_0064,Semiconductors,multi,1,0.7421,0.8838,0.8166,0.8437
SEM_QA_0065,Semiconductors,single,1,0.7712,0.7388,0.8158,0.9224
SEM_QA_0066,Semiconductors,multi,1,0.8752,0.995,0.995,0.9921
SEM_QA_0067,Semiconductors,single,1,0.995,0.9944,0.995,0.995
SEM_QA_0068,Semiconductors,multi,1,0.9881,0.995,0.995,0.995
SEM_QA_0069,Semiconductors,multi,1,0.9516,0.8122,0.8258,0.946
SEM_QA_0070,Semiconductors,single,1,0.9726,0.995,0.995,0.995
SEM_QA_0071,Semiconductors,single,1,0.962,0.995,0.9021,0.995
SEM_QA_0072,Semiconductors,single,1,0.9421,0.9816,0.9389,0.9255
SEM_QA_0073,Semiconductors,single,1,0.995,0.995,0.995,0.995
SEM_QA_0074,Semiconductors,single,1,0.93,0.995,0.9769,0.9248
SEM_QA_0075,Semiconductors,single,1,0.8995,0.89,0.8625,0.995
SEM_QA_0076,Semiconductors,multi,1,0.7724,0.826,0.8405,0.8578
SEM_QA_0077,Semiconductors,single,1,0.958,0.8973,0.9031,0.9551
SEM_QA_0078,Semiconductors,single,1,0.995,0.9841,0.995,0.995
SEM_QA_0079,Semiconductors,multi,1,0.9869,0.9765,0.9554,0.9576
SEM_QA_0080,Semiconductors,single,1,0.947,0.8454,0.9836,0.9452
SEM_QA_0081,Semiconductors,single,1,0.995,0.9273,0.995,0.995
SEM_QA_0082,Semiconductors,single,1,0.995,0.995,0.995,0.995
SEM_QA_0083,Semiconductors,single,1,0.7049,0.6558,0.6158,0.716
SEM_QA_0084,Semiconductors,multi,1,0.8384,0.8406,0.9691,0.9463
SEM_QA_0085,Semiconductors,single,1,0.995,0.995,0.995,0.9879
SEM_QA_0086,Semiconductors,multi,1,0.7885,0.7689,0.856,0.8229
SEM_QA_0087,Semiconductors,multi,1,0.882,0.9657,0.8833,0.9047
SEM_QA_0088,Semiconductors,single,1,0.86,0.9073,0.9893,0.952
SEM_QA_0089,Semiconductors,single,1,0.9166,0.8879,0.9007,0.9289
SEM_QA_0090,Semiconductors,single,1,0.9589,0.995,0.995,0.995
SEM_QA_0091,Semiconductors,single,1,0.7502,0.633,0.697,0.825
SEM_QA_0092,Semiconductors,single,1,0.8443,0.82,0.8957,0.9399
SEM_QA_0093,Semiconductors,single,1,0.995,0.995,0.995,0.995
SEM_QA_0094,Semiconductors,single,1,0.995,0.995,0.995,0.995
SEM_QA_0095,Semiconductors,multi,1,0.7289,0.7242,0.6367,0.8235
SEM_QA_0096,Semiconductors,multi,1,0.995,0.995,0.9684,0.995
SEM_QA_0097,Semiconductors,single,1,0.995,0.995,0.995,0.995
SEM_QA_0098,Semiconductors,single,1,0.9861,0.995,0.9785,0.995
SEM_QA_0099,Semiconductors,single,1,0.995,0.995,0.995,0.995
SEM_QA_0100,Semiconductors,multi,1,0.9249,0.9745,0.943,0.995
SEM_QA_0101,Semiconductors,single,1,0.9216,0.995,0.992,0.995
SEM_QA_0102,Semiconductors,single,1,0.995,0.9107,0.9611,0.995
SEM_QA_0103,Semiconductors,multi,1,0.995,0.995,0.995,0.995
SEM_QA_0104,Semiconductors,single,1,0.8457,0.7508,0.8698,0.8297
SEM_QA_0105,Semiconductors,multi,1,0.8074,0.8278,0.7637,0.9421
SEM_QA_0106,Semiconductors,multi,1,0.995,0.995,0.995,0.995
SEM_QA_0107,Semiconductors,single,1,0.995,0.995,0.995,0.995
SEM_QA_0108,Semiconductors,multi,1,0.7696,0.832,0.8555,0.8205
SEM_QA_0109,Semiconductors,single,1,0.9729,0.995,0.9776,0.995
SEM_QA_0110,Semiconductors,multi,1,0.64,0.753,0.7431,0.7614
SEM_QA_0111,Semiconductors,single,1,0.995,0.9801,0.9576,0.995
SEM_QA_0112,Semiconductors,single,1,0.9522,0.9332,0.9352,0.9933
SEM_QA_0113,Semiconductors,single,1,0.8352,0.9101,0.8414,0.8581
SEM_QA_0114,Semiconductors,single,1,0.9849,0.995,0.9564,0.995
SEM_QA_0115,Semiconductors,multi,1,0.9079,0.8135,0.767,0.8226
SEM_QA_0116,Semiconductors,single,1,0.995,0.9866,0.9854,0.995
SEM_QA_0117,Semiconductors,multi,1,0.995,0.995,0.995,0.995
SEM_QA_0118,Semiconductors,single,1,0.995,0.9623,0.9491,0.995
SEM_QA_0119,Semiconductors,single,1,0.995,0.953,0.995,0.995
SEM_QA_0120,Semiconductors,single,1,0.8107,0.8444,0.7592,0.8895
SEM_QA_0121,Semiconductors,single,1,0.5691,0.6356,0.7456,0.7436
SEM_QA_0122,Semiconductors,single,1,0.995,0.969,0.9579,0.995
SEM_QA_0123,Semiconductors,single,1,0.8815,0.995,0.9704,0.995
SEM_QA_0124,Semiconductors,single,1,0.9569,0.984,0.8767,0.995
SEM_QA_0125,Semiconductors,single,1,0.995,0.995,0.995,0.995
SEM_QA_0126,Semiconductors,multi,1,0.956,0.9949,0.995,0.995
SEM_QA_0001,Semiconductors,single,2,0.884,0.8946,0.8306,0.8509
SEM_QA_0002,Semiconductors,single,2,0.9816,0.9087,0.8337,0.9561
SEM_QA_0003,Semiconductors,single,2,0.8431,0.9024,0.7896,0.9228
SEM_QA_0004,Semiconductors,single,2,0.995,0.995,0.9567,0.995
SEM_QA_0005,Semiconductors,multi,2,0.891,0.8978,0.8841,0.8999
SEM_QA_0006,Semiconductors,multi,2,0.7444,0.8255,0.806,0.92
SEM_QA_0007,Semiconductors,single,2,0.8046,0.9057,0.8512,0.8397
SEM_QA_0008,Semiconductors,single,2,0.7497,0.8249,0.9016,0.8464
SEM_QA_0009,Semiconductors,single,2,0.995,0.995,0.9922,0.995
SEM_QA_0010,Semiconductors,single,2,0.7213,0.727,0.7132,0.7816
SEM_QA_0011,Semiconductors,single,2,0.547,0.5138,0.5478,0.6029
SEM_QA_0012,Semiconductors,single,2,0.9845,0.8708,0.8816,0.9204
SEM_QA_0013,Semiconductors,multi,2,0.995,0.995,0.995,0.995
SEM_QA_0014,Semiconductors,single,2,0.9863,0.995,0.9823,0.9821
SEM_QA_0015,Semiconductors,multi,2,0.995,0.995,0.995,0.995
SEM_QA_0016,Semiconductors,single,2,0.737,0.6826,0.6983,0.7769
SEM_QA_0017,Semiconductors,single,2,0.9103,0.9706,0.9737,0.9482
SEM_QA_0018,Semiconductors,multi,2,0.8712,0.8898,0.9713,0.9608
SEM_QA_0019,Semiconductors,single,2,0.995,0.995,0.995,0.995
SEM_QA_0020,Semiconductors,single,2,0.8088,0.9249,0.8986,0.9501
SEM_QA_0021,Semiconductors,single,2,0.9096,0.8994,0.9297,0.995
SEM_QA_0022,Semiconductors,single,2,0.9215,0.9857,0.9879,0.995
SEM_QA_0023,Semiconductors,single,2,0.7464,0.7556,0.7919,0.9368
SEM_QA_0024,Semiconductors,multi,2,0.6328,0.6521,0.6689,0.7392
SEM_QA_0025,Semiconductors,single,2,0.8698,0.9384,0.956,0.9677
SEM_QA_0026,Semiconductors,single,2,0.9569,0.9771,0.9416,0.9915
SEM_QA_0027,Semiconductors,single,2,0.985,0.9918,0.9711,0.9928
SEM_QA_0028,Semiconductors,multi,2,0.975,0.951,0.9497,0.9747
SEM_QA_0029,Semiconductors,single,2,0.8658,0.8947,0.9328,0.9112
SEM_QA_0030,Semiconductors,single,2,0.811,0.8022,0.8561,0.8646
SEM_QA_0031,Semiconductors,multi,2,0.995,0.995,0.995,0.995
SEM_QA_0032,Semiconductors,single,2,0.9353,0.8884,0.9469,0.9647
SEM_QA_0033,Semiconductors,multi,2,0.7515,0.7751,0.7293,0.7637
SEM_QA_0034,Semiconductors,multi,2,0.8658,0.8838,0.7994,0.806
SEM_QA_0035,Semiconductors,single,2,0.995,0.995,0.995,0.995
SEM_QA_0036,Semiconductors,single,2,0.9781,0.9618,0.995,0.9438
SEM_QA_0037,Semiconductors,multi,2,0.995,0.995,0.995,0.995
SEM_QA_0038,Semiconductors,single,2,0.714,0.584,0.6547,0.7901
SEM_QA_0039,Semiconductors,multi,2,0.6787,0.7524,0.698,0.7966
SEM_QA_0040,Semiconductors,multi,2,0.9563,0.9495,0.9657,0.9235
SEM_QA_0041,Semiconductors,single,2,0.8969,0.8697,0.9887,0.9761
SEM_QA_0042,Semiconductors,multi,2,0.995,0.995,0.995,0.955
SEM_QA_0043,Semiconductors,multi,2,0.839,0.8888,0.7703,0.9011
SEM_QA_0044,Semiconductors,multi,2,0.7135,0.7971,0.7185,0.8277
SEM_QA_0045,Semiconductors,single,2,0.8838,0.9314,0.9275,0.9607
SEM_QA_0046,Semiconductors,single,2,0.7678,0.8248,0.8222,0.8644
SEM_QA_0047,Semiconductors,single,2,0.995,0.995,0.995,0.9715
SEM_QA_0048,Semiconductors,multi,2,0.8625,0.9562,0.8721,0.8986
SEM_QA_0049,Semiconductors,multi,2,0.5995,0.6693,0.6781,0.7983
SEM_QA_0050,Semiconductors,single,2,0.7929,0.8761,0.8168,0.8505
SEM_QA_0051,Semiconductors,single,2,0.9104,0.9062,0.9553,0.9897
SEM_QA_0052,Semiconductors,single,2,0.995,0.995,0.995,0.995
SEM_QA_0053,Semiconductors,single,2,0.6808,0.7817,0.7547,0.7789
SEM_QA_0054,Semiconductors,single,2,0.7154,0.594,0.8242,0.7817
SEM_QA_0055,Semiconductors,multi,2,0.6445,0.6649,0.6052,0.7193
SEM_QA_0056,Semiconductors,multi,2,0.9109,0.9729,0.904,0.9806
SEM_QA_0057,Semiconductors,multi,2,0.8048,0.771,0.8365,0.8713
SEM_QA_0058,Semiconductors,multi,2,0.995,0.995,0.995,0.995
SEM_QA_0059,Semiconductors,single,2,0.7741,0.7706,0.8158,0.8459
SEM_QA_0060,Semiconductors,single,2,0.8308,0.655,0.8008,0.8445
SEM_QA_0061,Semiconductors,single,2,0.865,0.995,0.9904,0.995
SEM_QA_0062,Semiconductors,single,2,0.9799,0.995,0.9659,0.9906
SEM_QA_0063,Semiconductors,multi,2,0.9219,0.995,0.995,0.995
SEM_QA_0064,Semiconductors,multi,2,0.738,0.8966,0.7601,0.8559
SEM_QA_0065,Semiconductors,single,2,0.7027,0.763,0.7631,0.914
SEM_QA_0066,Semiconductors,multi,2,0.8414,0.9558,0.9851,0.9569
SEM_QA_0067,Semiconductors,single,2,0.995,0.995,0.995,0.995
SEM_QA_0068,Semiconductors,multi,2,0.993,0.995,0.995,0.995
SEM_QA_0069,Semiconductors,multi,2,0.8486,0.8748,0.832,0.9172
SEM_QA_0070,Semiconductors,single,2,0.995,0.995,0.995,0.995
SEM_QA_0071,Semiconductors,single,2,0.9242,0.995,0.9331,0.995
SEM_QA_0072,Semiconductors,single,2,0.9213,0.9341,0.9496,0.9485
SEM_QA_0073,Semiconductors,single,2,0.995,0.995,0.995,0.995
SEM_QA_0074,Semiconductors,single,2,0.9197,0.995,0.8809,0.8996
SEM_QA_0075,Semiconductors,single,2,0.804,0.929,0.8916,0.9818
SEM_QA_0076,Semiconductors,multi,2,0.7346,0.8322,0.8471,0.8544
SEM_QA_0077,Semiconductors,single,2,0.9378,0.909,0.8213,0.9031
SEM_QA_0078,Semiconductors,single,2,0.995,0.9938,0.9645,0.995
SEM_QA_0079,Semiconductors,multi,2,0.922,0.99,0.9601,0.9255
SEM_QA_0080,Semiconductors,single,2,0.8921,0.9459,0.9338,0.9615
SEM_QA_0081,Semiconductors,single,2,0.995,0.9287,0.9672,0.995
SEM_QA_0082,Semiconductors,single,2,0.995,0.995,0.995,0.995
SEM_QA_0083,Semiconductors,single,2,0.6769,0.6765,0.5918,0.7133
SEM_QA_0084,Semiconductors,multi,2,0.8641,0.8365,0.9381,0.9062
SEM_QA_0085,Semiconductors,single,2,0.995,0.995,0.995,0.995
SEM_QA_0086,Semiconductors,multi,2,0.6981,0.7951,0.8345,0.7968
SEM_QA_0087,Semiconductors,multi,2,0.8632,0.8951,0.8331,0.9087
SEM_QA_0088,Semiconductors,single,2,0.8359,0.9551,0.9567,0.9142
SEM_QA_0089,Semiconductors,single,2,0.9468,0.9656,0.9186,0.965
SEM_QA_0090,Semiconductors,single,2,0.8877,0.9733,0.9771,0.995
SEM_QA_0091,Semiconductors,single,2,0.6909,0.6025,0.6899,0.7816
SEM_QA_0092,Semiconductors,single,2,0.7694,0.8661,0.8847,0.8616
SEM_QA_0093,Semiconductors,single,2,0.995,0.995,0.995,0.995
SEM_QA_0094,Semiconductors,single,2,0.995,0.995,0.995,0.995
SEM_QA_0095,Semiconductors,multi,2,0.6652,0.7603,0.6112,0.8272
SEM_QA_0096,Semiconductors,multi,2,0.995,0.995,0.9598,0.995
SEM_QA_0097,Semiconductors,single,2,0.995,0.995,0.9806,0.995
SEM_QA_0098,Semiconductors,single,2,0.961,0.995,0.995,0.995
SEM_QA_0099,Semiconductors,single,2,0.995,0.995,0.995,0.995
SEM_QA_0100,Semiconductors,multi,2,0.9615,0.9798,0.9043,0.9673
SEM_QA_0101,Semiconductors,single,2,0.8593,0.995,0.9867,0.995
SEM_QA_0102,Semiconductors,single,2,0.995,0.9241,0.9687,0.9912
SEM_QA_0103,Semiconductors,multi,2,0.995,0.995,0.9723,0.995
SEM_QA_0104,Semiconductors,single,2,0.811,0.7374,0.8443,0.8034
SEM_QA_0105,Semiconductors,multi,2,0.7619,0.8792,0.757,0.9226
SEM_QA_0106,Semiconductors,multi,2,0.995,0.995,0.995,0.995
SEM_QA_0107,Semiconductors,single,2,0.995,0.995,0.995,0.995
SEM_QA_0108,Semiconductors,multi,2,0.7343,0.9065,0.8666,0.7614
SEM_QA_0109,Semiconductors,single,2,0.9721,0.995,0.9631,0.995
SEM_QA_0110,Semiconductors,multi,2,0.5901,0.7902,0.7492,0.7188
SEM_QA_0111,Semiconductors,single,2,0.954,0.9763,0.995,0.995
SEM_QA_0112,Semiconductors,single,2,0.8893,0.9539,0.942,0.9631
SEM_QA_0113,Semiconductors,single,2,0.8185,0.8361,0.8763,0.8548
SEM_QA_0114,Semiconductors,single,2,0.9031,0.995,0.9054,0.995
SEM_QA_0115,Semiconductors,multi,2,0.8296,0.795,0.7832,0.7658
SEM_QA_0116,Semiconductors,single,2,0.995,0.995,0.995,0.995
SEM_QA_0117,Semiconductors,multi,2,0.995,0.995,0.995,0.995
SEM_QA_0118,Semiconductors,single,2,0.9456,0.995,0.9409,0.995
SEM_QA_0119,Semiconductors,single,2,0.995,0.995,0.995,0.995
SEM_QA_0120,Semiconductors,single,2,0.7567,0.9065,0.7586,0.8287
SEM_QA_0121,Semiconductors,single,2,0.5631,0.6224,0.7031,0.7383
SEM_QA_0122,Semiconductors,single,2,0.9541,0.995,0.9673,0.995
SEM_QA_0123,Semiconductors,single,2,0.9372,0.995,0.9639,0.995
SEM_QA_0124,Semiconductors,single,2,0.9892,0.995,0.8319,0.9568
SEM_QA_0125,Semiconductors,single,2,0.995,0.995,0.995,0.995
SEM_QA_0126,Semiconductors,multi,2,0.8544,0.974,0.973,0.995
SEM_QA_0001,Semiconductors,single,3,0.8436,0.8669,0.8609,0.8335
SEM_QA_0002,Semiconductors,single,3,0.9851,0.8313,0.8252,0.9586
SEM_QA_0003,Semiconductors,single,3,0.8651,0.844,0.841,0.8622
SEM_QA_0004,Semiconductors,single,3,0.995,0.995,0.995,0.995
SEM_QA_0005,Semiconductors,multi,3,0.9298,0.8096,0.9012,0.8686
SEM_QA_0006,Semiconductors,multi,3,0.7834,0.8697,0.8786,0.833
SEM_QA_0007,Semiconductors,single,3,0.8209,0.863,0.8657,0.8319
SEM_QA_0008,Semiconductors,single,3,0.7869,0.9052,0.9051,0.8405
SEM_QA_0009,Semiconductors,single,3,0.995,0.995,0.995,0.9263
SEM_QA_0010,Semiconductors,single,3,0.7311,0.7238,0.8041,0.7625
SEM_QA_0011,Semiconductors,single,3,0.54,0.4127,0.6082,0.5946
SEM_QA_0012,Semiconductors,single,3,0.995,0.8565,0.9078,0.9344
SEM_QA_0013,Semiconductors,multi,3,0.995,0.995,0.995,0.995
SEM_QA_0014,Semiconductors,single,3,0.9556,0.9764,0.995,0.9609
SEM_QA_0015,Semiconductors,multi,3,0.995,0.995,0.995,0.995
SEM_QA_0016,Semiconductors,single,3,0.7881,0.6862,0.7641,0.7535
SEM_QA_0017,Semiconductors,single,3,0.9369,0.9544,0.995,0.904
SEM_QA_0018,Semiconductors,multi,3,0.9541,0.8243,0.9731,0.9444
SEM_QA_0019,Semiconductors,single,3,0.995,0.995,0.995,0.995
SEM_QA_0020,Semiconductors,single,3,0.8004,0.9198,0.9554,0.9104
SEM_QA_0021,Semiconductors,single,3,0.8901,0.8768,0.9793,0.9447
SEM_QA_0022,Semiconductors,single,3,0.9399,0.9539,0.995,0.995
SEM_QA_0023,Semiconductors,single,3,0.7803,0.649,0.8564,0.9157
SEM_QA_0024,Semiconductors,multi,3,0.636,0.5832,0.72,0.7193
SEM_QA_0025,Semiconductors,single,3,0.8969,0.9048,0.995,0.9347
SEM_QA_0026,Semiconductors,single,3,0.9641,0.8853,0.995,0.945
SEM_QA_0027,Semiconductors,single,3,0.9677,0.9283,0.995,0.995
SEM_QA_0028,Semiconductors,multi,3,0.995,0.9759,0.9711,0.9365
SEM_QA_0029,Semiconductors,single,3,0.8928,0.8577,0.9444,0.9327
SEM_QA_0030,Semiconductors,single,3,0.8377,0.7953,0.8761,0.8769
SEM_QA_0031,Semiconductors,multi,3,0.995,0.995,0.995,0.995
SEM_QA_0032,Semiconductors,single,3,0.9164,0.8595,0.9652,0.9105
SEM_QA_0033,Semiconductors,multi,3,0.7766,0.7138,0.7394,0.7896
SEM_QA_0034,Semiconductors,multi,3,0.8512,0.8164,0.8184,0.8072
SEM_QA_0035,Semiconductors,single,3,0.995,0.995,0.995,0.995
SEM_QA_0036,Semiconductors,single,3,0.9853,0.9661,0.995,0.9372
SEM_QA_0037,Semiconductors,multi,3,0.995,0.995,0.995,0.995
SEM_QA_0038,Semiconductors,single,3,0.7326,0.5281,0.7035,0.7429
SEM_QA_0039,Semiconductors,multi,3,0.7106,0.7478,0.8441,0.7576
SEM_QA_0040,Semiconductors,multi,3,0.926,0.9438,0.9629,0.9381
SEM_QA_0041,Semiconductors,single,3,0.8964,0.8297,0.9925,0.8805
SEM_QA_0042,Semiconductors,multi,3,0.995,0.9703,0.995,0.995
SEM_QA_0043,Semiconductors,multi,3,0.856,0.8814,0.7979,0.8535
SEM_QA_0044,Semiconductors,multi,3,0.7239,0.7552,0.8045,0.809
SEM_QA_0045,Semiconductors,single,3,0.9141,0.8776,0.9532,0.9296
SEM_QA_0046,Semiconductors,single,3,0.8111,0.7674,0.9055,0.8604
SEM_QA_0047,Semiconductors,single,3,0.995,0.995,0.995,0.9393
SEM_QA_0048,Semiconductors,multi,3,0.896,0.864,0.8741,0.9002
SEM_QA_0049,Semiconductors,multi,3,0.6868,0.5699,0.644,0.7838
SEM_QA_0050,Semiconductors,single,3,0.7624,0.8048,0.8167,0.7994
SEM_QA_0051,Semiconductors,single,3,0.899,0.894,0.995,0.9829
SEM_QA_0052,Semiconductors,single,3,0.995,0.995,0.995,0.995
SEM_QA_0053,Semiconductors,single,3,0.7263,0.7718,0.8366,0.7792
SEM_QA_0054,Semiconductors,single,3,0.7267,0.6351,0.795,0.7567
SEM_QA_0055,Semiconductors,multi,3,0.6624,0.6085,0.6403,0.6766
SEM_QA_0056,Semiconductors,multi,3,0.9525,0.995,0.995,0.9925
SEM_QA_0057,Semiconductors,multi,3,0.8456,0.7856,0.8757,0.834
SEM_QA_0058,Semiconductors,multi,3,0.995,0.995,0.995,0.995
SEM_QA_0059,Semiconductors,single,3,0.7844,0.6695,0.831,0.8333
SEM_QA_0060,Semiconductors,single,3,0.8323,0.6562,0.8435,0.7971
SEM_QA_0061,Semiconductors,single,3,0.953,0.9617,0.995,0.995
SEM_QA_0062,Semiconductors,single,3,0.995,0.995,0.9872,0.9636
SEM_QA_0063,Semiconductors,multi,3,0.9831,0.995,0.995,0.995
SEM_QA_0064,Semiconductors,multi,3,0.7693,0.829,0.8356,0.8202
SEM_QA_0065,Semiconductors,single,3,0.7145,0.72,0.8546,0.8928
SEM_QA_0066,Semiconductors,multi,3,0.8689,0.9772,0.995,0.9623
SEM_QA_0067,Semiconductors,single,3,0.995,0.9545,0.995,0.995
SEM_QA_0068,Semiconductors,multi,3,0.995,0.995,0.995,0.995
SEM_QA_0069,Semiconductors,multi,3,0.8992,0.8405,0.8475,0.9404
SEM_QA_0070,Semiconductors,single,3,0.9915,0.995,0.995,0.995
SEM_QA_0071,Semiconductors,single,3,0.962,0.9324,0.995,0.967
SEM_QA_0072,Semiconductors,single,3,0.8385,0.9197,0.9319,0.8781
SEM_QA_0073,Semiconductors,single,3,0.995,0.995,0.995,0.995
SEM_QA_0074,Semiconductors,single,3,0.9548,0.9272,0.9502,0.8929
SEM_QA_0075,Semiconductors,single,3,0.8595,0.9571,0.9447,0.9317
SEM_QA_0076,Semiconductors,multi,3,0.7775,0.7367,0.8288,0.7686
SEM_QA_0077,Semiconductors,single,3,0.995,0.8694,0.9069,0.8942
SEM_QA_0078,Semiconductors,single,3,0.995,0.9581,0.973,0.995
SEM_QA_0079,Semiconductors,multi,3,0.9388,0.9438,0.9241,0.8808
SEM_QA_0080,Semiconductors,single,3,0.9886,0.8762,0.995,0.891
SEM_QA_0081,Semiconductors,single,3,0.9942,0.9153,0.9799,0.9805
SEM_QA_0082,Semiconductors,single,3,0.995,0.995,0.995,0.995
SEM_QA_0083,Semiconductors,single,3,0.6399,0.6106,0.619,0.6894
SEM_QA_0084,Semiconductors,multi,3,0.8699,0.8649,0.9574,0.936
SEM_QA_0085,Semiconductors,single,3,0.995,0.995,0.995,0.9932
SEM_QA_0086,Semiconductors,multi,3,0.6826,0.7269,0.8698,0.778
SEM_QA_0087,Semiconductors,multi,3,0.8905,0.9173,0.9053,0.9201
SEM_QA_0088,Semiconductors,single,3,0.8221,0.9239,0.995,0.9679
SEM_QA_0089,Semiconductors,single,3,0.8794,0.8841,0.9172,0.965
SEM_QA_0090,Semiconductors,single,3,0.9142,0.9919,0.995,0.995
SEM_QA_0091,Semiconductors,single,3,0.7426,0.5939,0.7129,0.83
SEM_QA_0092,Semiconductors,single,3,0.8406,0.8572,0.9418,0.848
SEM_QA_0093,Semiconductors,single,3,0.995,0.995,0.995,0.995
SEM_QA_0094,Semiconductors,single,3,0.995,0.995,0.995,0.995
SEM_QA_0095,Semiconductors,multi,3,0.7506,0.7073,0.6996,0.8205
SEM_QA_0096,Semiconductors,multi,3,0.995,0.9516,0.9934,0.995
SEM_QA_0097,Semiconductors,single,3,0.995,0.995,0.995,0.995
SEM_QA_0098,Semiconductors,single,3,0.995,0.9866,0.9874,0.9768
SEM_QA_0099,Semiconductors,single,3,0.995,0.995,0.995,0.995
SEM_QA_0100,Semiconductors,multi,3,0.9685,0.948,0.9665,0.9262
SEM_QA_0101,Semiconductors,single,3,0.9336,0.995,0.995,0.995
SEM_QA_0102,Semiconductors,single,3,0.9882,0.9123,0.995,0.9448
SEM_QA_0103,Semiconductors,multi,3,0.995,0.995,0.995,0.995
SEM_QA_0104,Semiconductors,single,3,0.8378,0.71,0.8356,0.8389
SEM_QA_0105,Semiconductors,multi,3,0.775,0.8058,0.8066,0.881
SEM_QA_0106,Semiconductors,multi,3,0.995,0.995,0.995,0.995
SEM_QA_0107,Semiconductors,single,3,0.995,0.995,0.995,0.995
SEM_QA_0108,Semiconductors,multi,3,0.7378,0.8093,0.8513,0.7733
SEM_QA_0109,Semiconductors,single,3,0.9293,0.9743,0.9701,0.9864
SEM_QA_0110,Semiconductors,multi,3,0.5967,0.6914,0.7327,0.685
SEM_QA_0111,Semiconductors,single,3,0.995,0.9526,0.9831,0.9868
SEM_QA_0112,Semiconductors,single,3,0.9515,0.9046,0.995,0.911
SEM_QA_0113,Semiconductors,single,3,0.8492,0.8693,0.856,0.826
SEM_QA_0114,Semiconductors,single,3,0.9655,0.9854,0.9637,0.995
SEM_QA_0115,Semiconductors,multi,3,0.8541,0.749,0.7707,0.764
SEM_QA_0116,Semiconductors,single,3,0.995,0.9879,0.995,0.9871
SEM_QA_0117,Semiconductors,multi,3,0.995,0.995,0.995,0.995
SEM_QA_0118,Semiconductors,single,3,0.995,0.9572,0.9884,0.995
SEM_QA_0119,Semiconductors,single,3,0.9805,0.9505,0.995,0.995
SEM_QA_0120,Semiconductors,single,3,0.8363,0.8465,0.7574,0.814
SEM_QA_0121,Semiconductors,single,3,0.5032,0.6094,0.6751,0.7318
SEM_QA_0122,Semiconductors,single,3,0.935,0.9943,0.9653,0.995
SEM_QA_0123,Semiconductors,single,3,0.893,0.995,0.995,0.9882
SEM_QA_0124,Semiconductors,single,3,0.9748,0.9088,0.8934,0.9439
SEM_QA_0125,Semiconductors,single,3,0.995,0.995,0.995,0.995
SEM_QA_0126,Semiconductors,multi,3,0.8829,0.9538,0.995,0.995
BAT_QA_0001,Batteries,single,1,0.8737,0.7956,0.8302,0.8856
BAT_QA_0002,Batteries,single,1,0.995,0.995,0.9636,0.995
BAT_QA_0003,Batteries,multi,1,0.995,0.995,0.9849,0.995
BAT_QA_0004,Batteries,single,1,0.8452,0.9858,0.995,0.995
BAT_QA_0005,Batteries,single,1,0.995,0.995,0.995,0.995
BAT_QA_0006,Batteries,single,1,0.995,0.995,0.995,0.995
BAT_QA_0007,Batteries,multi,1,0.9536,0.8703,0.9732,0.995
BAT_QA_0008,Batteries,single,1,0.995,0.995,0.995,0.995
BAT_QA_0009,Batteries,single,1,0.973,0.9366,0.9081,0.9646
BAT_QA_0010,Batteries,single,1,0.995,0.995,0.9808,0.995
BAT_QA_0011,Batteries,single,1,0.9529,0.8701,0.8882,0.995
BAT_QA_0012,Batteries,single,1,0.8291,0.8732,0.9405,0.9171
BAT_QA_0013,Batteries,single,1,0.995,0.995,0.995,0.995
BAT_QA_0014,Batteries,multi,1,0.995,0.9015,0.995,0.995
BAT_QA_0015,Batteries,multi,1,0.995,0.995,0.995,0.995
BAT_QA_0016,Batteries,single,1,0.6978,0.5462,0.6896,0.7077
BAT_QA_0017,Batteries,multi,1,0.6525,0.8837,0.8759,0.9354
BAT_QA_0018,Batteries,single,1,0.5917,0.6148,0.5708,0.6619
BAT_QA_0019,Batteries,single,1,0.9492,0.9889,0.9346,0.995
BAT_QA_0020,Batteries,single,1,0.4737,0.3937,0.4289,0.5311
BAT_QA_0021,Batteries,single,1,0.6991,0.7325,0.7078,0.8525
BAT_QA_0022,Batteries,multi,1,0.6773,0.6982,0.7114,0.8411
BAT_QA_0023,Batteries,single,1,0.995,0.9376,0.9797,0.995
BAT_QA_0024,Batteries,single,1,0.8594,0.9606,0.9116,0.995
BAT_QA_0025,Batteries,single,1,0.995,0.978,0.9484,0.995
BAT_QA_0026,Batteries,multi,1,0.8524,0.8153,0.8683,0.8834
BAT_QA_0027,Batteries,single,1,0.995,0.995,0.995,0.995
BAT_QA_0028,Batteries,single,1,0.9595,0.9666,0.9597,0.9461
BAT_QA_0029,Batteries,single,1,0.995,0.995,0.995,0.995
BAT_QA_0030,Batteries,single,1,0.9887,0.995,0.995,0.995
BAT_QA_0031,Batteries,multi,1,0.995,0.995,0.995,0.995
BAT_QA_0032,Batteries,multi,1,0.995,0.9742,0.8941,0.995
BAT_QA_0033,Batteries,single,1,0.995,0.995,0.995,0.995
BAT_QA_0034,Batteries,single,1,0.9141,0.9306,0.8539,0.8916
BAT_QA_0035,Batteries,multi,1,0.995,0.995,0.908,0.995
BAT_QA_0036,Batteries,single,1,0.995,0.995,0.995,0.995
BAT_QA_0037,Batteries,multi,1,0.835,0.7457,0.7869,0.8388
BAT_QA_0038,Batteries,single,1,0.9819,0.868,0.9505,0.995
BAT_QA_0039,Batteries,multi,1,0.8389,0.8241,0.7512,0.8795
BAT_QA_0040,Batteries,single,1,0.995,0.995,0.995,0.995
BAT_QA_0041,Batteries,single,1,0.8497,0.7098,0.8356,0.9555
BAT_QA_0042,Batteries,multi,1,0.8502,0.9119,0.867,0.946
BAT_QA_0043,Batteries,single,1,0.9347,0.995,0.995,0.995
BAT_QA_0044,Batteries,single,1,0.9009,0.9659,0.9898,0.995
BAT_QA_0045,Batteries,multi,1,0.995,0.995,0.995,0.995
BAT_QA_0046,Batteries,multi,1,0.7521,0.7013,0.7945,0.6878
BAT_QA_0047,Batteries,single,1,0.8986,0.8968,0.8616,0.9618
BAT_QA_0048,Batteries,single,1,0.995,0.9052,0.9362,0.995
BAT_QA_0049,Batteries,single,1,0.9175,0.8965,0.8811,0.9683
BAT_QA_0050,Batteries,single,1,0.8623,0.7748,0.8727,0.9248
BAT_QA_0051,Batteries,single,1,0.7968,0.7259,0.7283,0.7695
BAT_QA_0052,Batteries,single,1,0.8963,0.8029,0.7441,0.823
BAT_QA_0053,Batteries,single,1,0.8184,0.8612,0.7753,0.9248
BAT_QA_0054,Batteries,single,1,0.995,0.995,0.995,0.995
BAT_QA_0055,Batteries,single,1,0.8094,0.7664,0.7848,0.9431
BAT_QA_0056,Batteries,single,1,0.9665,0.8645,0.971,0.9579
BAT_QA_0057,Batteries,multi,1,0.9423,0.9293,0.995,0.995
BAT_QA_0058,Batteries,single,1,0.957,0.9479,0.8267,0.9784
BAT_QA_0059,Batteries,single,1,0.9902,0.9317,0.9674,0.9871
BAT_QA_0060,Batteries,multi,1,0.7717,0.7325,0.8181,0.8965
BAT_QA_0061,Batteries,single,1,0.7492,0.7118,0.8019,0.8119
BAT_QA_0062,Batteries,multi,1,0.7552,0.6299,0.7149,0.791
BAT_QA_0063,Batteries,single,1,0.995,0.8776,0.9159,0.995
BAT_QA_0064,Batteries,single,1,0.995,0.995,0.995,0.995
BAT_QA_0065,Batteries,single,1,0.995,0.995,0.995,0.995
BAT_QA_0066,Batteries,single,1,0.7691,0.7785,0.7546,0.8414
BAT_QA_0067,Batteries,single,1,0.8578,0.8774,0.8331,0.9029
BAT_QA_0068,Batteries,multi,1,0.995,0.9028,0.995,0.995
BAT_QA_0069,Batteries,single,1,0.7493,0.6427,0.7355,0.8305
BAT_QA_0070,Batteries,multi,1,0.9704,0.9671,0.995,0.995
BAT_QA_0071,Batteries,single,1,0.9646,0.858,0.91,0.9753
BAT_QA_0072,Batteries,multi,1,0.9749,0.9406,0.9689,0.995
BAT_QA_0073,Batteries,single,1,0.995,0.995,0.995,0.995
BAT_QA_0074,Batteries,multi,1,0.7353,0.5829,0.7336,0.7261
BAT_QA_0075,Batteries,single,1,0.926,0.995,0.9552,0.995
BAT_QA_0076,Batteries,multi,1,0.847,0.7068,0.9071,0.8538
BAT_QA_0077,Batteries,single,1,0.995,0.995,0.995,0.995
BAT_QA_0078,Batteries,single,1,0.8852,0.9458,0.9573,0.995
BAT_QA_0079,Batteries,multi,1,0.8579,0.7752,0.8192,0.8172
BAT_QA_0080,Batteries,single,1,0.995,0.995,0.9772,0.995
BAT_QA_0081,Batteries,single,1,0.9665,0.9065,0.9051,0.995
BAT_QA_0082,Batteries,multi,1,0.995,0.9248,0.995,0.995
BAT_QA_0083,Batteries,single,1,0.6248,0.7316,0.8323,0.8414
BAT_QA_0084,Batteries,single,1,0.9501,0.8853,0.9233,0.995
BAT_QA_0085,Batteries,multi,1,0.8144,0.6592,0.7438,0.8471
BAT_QA_0086,Batteries,multi,1,0.9023,0.995,0.9458,0.995
BAT_QA_0087,Batteries,single,1,0.995,0.995,0.995,0.995
BAT_QA_0088,Batteries,single,1,0.9011,0.8229,0.7985,0.8332
BAT_QA_0089,Batteries,single,1,0.995,0.995,0.995,0.995
BAT_QA_0090,Batteries,single,1,0.9766,0.9513,0.995,0.9547
BAT_QA_0091,Batteries,single,1,0.995,0.995,0.995,0.995
BAT_QA_0092,Batteries,single,1,0.7739,0.8177,0.8104,0.8968
BAT_QA_0093,Batteries,single,1,0.9145,0.8399,0.7992,0.995
BAT_QA_0094,Batteries,single,1,0.7492,0.679,0.7969,0.8643
BAT_QA_0095,Batteries,single,1,0.9875,0.9772,0.8752,0.995
BAT_QA_0096,Batteries,single,1,0.995,0.995,0.995,0.995
BAT_QA_0097,Batteries,multi,1,0.7636,0.6381,0.755,0.8345
BAT_QA_0098,Batteries,multi,1,0.8443,0.7008,0.7403,0.8434
BAT_QA_0099,Batteries,single,1,0.8621,0.7509,0.8867,0.9189
BAT_QA_0100,Batteries,multi,1,0.995,0.8789,0.9738,0.9697
BAT_QA_0101,Batteries,single,1,0.9456,0.9345,0.995,0.9392
BAT_QA_0102,Batteries,multi,1,0.9157,0.8836,0.9783,0.9852
BAT_QA_0103,Batteries,single,1,0.995,0.9898,0.8843,0.995
BAT_QA_0104,Batteries,multi,1,0.8643,0.8432,0.8089,0.8821
BAT_QA_0105,Batteries,single,1,0.9037,0.7801,0.8742,0.9027
BAT_QA_0106,Batteries,multi,1,0.9342,0.8105,0.9325,0.9536
BAT_QA_0107,Batteries,multi,1,0.8927,0.8533,0.8771,0.921
BAT_QA_0108,Batteries,single,1,0.9875,0.9235,0.9136,0.8976
BAT_QA_0109,Batteries,single,1,0.9042,0.7802,0.7535,0.9056
BAT_QA_0110,Batteries,single,1,0.9009,0.8509,0.8831,0.9052
BAT_QA_0111,Batteries,multi,1,0.995,0.9885,0.995,0.995
BAT_QA_0112,Batteries,single,1,0.995,0.9541,0.995,0.995
BAT_QA_0113,Batteries,multi,1,0.9521,0.8508,0.9948,0.995
BAT_QA_0114,Batteries,multi,1,0.8608,0.8077,0.8332,0.7825
BAT_QA_0115,Batteries,multi,1,0.995,0.995,0.995,0.995
BAT_QA_0116,Batteries,single,1,0.995,0.995,0.995,0.995
BAT_QA_0117,Batteries,multi,1,0.7534,0.8164,0.7826,0.9067
BAT_QA_0118,Batteries,single,1,0.9129,0.8051,0.8547,0.9444
BAT_QA_0119,Batteries,single,1,0.7003,0.753,0.7297,0.7628
BAT_QA_0120,Batteries,single,1,0.9835,0.9425,0.8897,0.9695
BAT_QA_0121,Batteries,single,1,0.9108,0.7839,0.868,0.9464
BAT_QA_0122,Batteries,single,1,0.995,0.9394,0.995,0.9866
BAT_QA_0123,Batteries,single,1,0.995,0.995,0.9368,0.995
BAT_QA_0124,Batteries,single,1,0.7211,0.7211,0.7394,0.8336
BAT_QA_0001,Batteries,single,2,0.8463,0.7777,0.7973,0.9092
BAT_QA_0002,Batteries,single,2,0.995,0.995,0.9613,0.995
BAT_QA_0003,Batteries,multi,2,0.9149,0.995,0.995,0.995
BAT_QA_0004,Batteries,single,2,0.8122,0.9683,0.995,0.995
BAT_QA_0005,Batteries,single,2,0.995,0.995,0.995,0.995
BAT_QA_0006,Batteries,single,2,0.995,0.995,0.995,0.995
BAT_QA_0007,Batteries,multi,2,0.9932,0.9328,0.9016,0.9706
BAT_QA_0008,Batteries,single,2,0.995,0.995,0.995,0.995
BAT_QA_0009,Batteries,single,2,0.8955,0.97,0.8789,0.995
BAT_QA_0010,Batteries,single,2,0.995,0.995,0.9934,0.995
BAT_QA_0011,Batteries,single,2,0.9433,0.8893,0.9284,0.995
BAT_QA_0012,Batteries,single,2,0.8079,0.8612,0.927,0.8964
BAT_QA_0013,Batteries,single,2,0.995,0.995,0.995,0.995
BAT_QA_0014,Batteries,multi,2,0.9937,0.9045,0.9884,0.995
BAT_QA_0015,Batteries,multi,2,0.995,0.995,0.995,0.995
BAT_QA_0016,Batteries,single,2,0.6897,0.6926,0.6143,0.6661
BAT_QA_0017,Batteries,multi,2,0.6686,0.9119,0.8881,0.8875
BAT_QA_0018,Batteries,single,2,0.6213,0.6484,0.5958,0.7147
BAT_QA_0019,Batteries,single,2,0.9453,0.9199,0.9948,0.995
BAT_QA_0020,Batteries,single,2,0.4468,0.4562,0.3732,0.4994
BAT_QA_0021,Batteries,single,2,0.6929,0.6462,0.6816,0.8414
BAT_QA_0022,Batteries,multi,2,0.6378,0.7152,0.7298,0.8177
BAT_QA_0023,Batteries,single,2,0.995,0.9557,0.9373,0.995
BAT_QA_0024,Batteries,single,2,0.8345,0.995,0.9354,0.9396
BAT_QA_0025,Batteries,single,2,0.995,0.995,0.9055,0.9896
BAT_QA_0026,Batteries,multi,2,0.7611,0.808,0.8333,0.8822
BAT_QA_0027,Batteries,single,2,0.995,0.995,0.995,0.995
BAT_QA_0028,Batteries,single,2,0.9668,0.9426,0.9458,0.9361
BAT_QA_0029,Batteries,single,2,0.995,0.995,0.995,0.995
BAT_QA_0030,Batteries,single,2,0.995,0.995,0.9297,0.995
BAT_QA_0031,Batteries,multi,2,0.995,0.995,0.9401,0.995
BAT_QA_0032,Batteries,multi,2,0.995,0.9661,0.9112,0.995
BAT_QA_0033,Batteries,single,2,0.995,0.995,0.995,0.995
BAT_QA_0034,Batteries,single,2,0.8898,0.9477,0.7847,0.8991
BAT_QA_0035,Batteries,multi,2,0.9649,0.995,0.9578,0.9868
BAT_QA_0036,Batteries,single,2,0.995,0.995,0.995,0.995
BAT_QA_0037,Batteries,multi,2,0.8303,0.7934,0.7707,0.8164
BAT_QA_0038,Batteries,single,2,0.9494,0.9301,0.8945,0.995
BAT_QA_0039,Batteries,multi,2,0.7393,0.798,0.7478,0.8664
BAT_QA_0040,Batteries,single,2,0.995,0.995,0.995,0.995
BAT_QA_0041,Batteries,single,2,0.8145,0.7434,0.8019,0.8847
BAT_QA_0042,Batteries,multi,2,0.8369,0.9444,0.8981,0.9685
BAT_QA_0043,Batteries,single,2,0.8978,0.995,0.995,0.995
BAT_QA_0044,Batteries,single,2,0.8878,0.9741,0.8936,0.9095
BAT_QA_0045,Batteries,multi,2,0.995,0.995,0.995,0.995
BAT_QA_0046,Batteries,multi,2,0.7553,0.7672,0.7975,0.692
BAT_QA_0047,Batteries,single,2,0.8977,0.9553,0.9052,0.9342
BAT_QA_0048,Batteries,single,2,0.9701,0.9391,0.9089,0.9557
BAT_QA_0049,Batteries,single,2,0.8418,0.8528,0.8824,0.9365
BAT_QA_0050,Batteries,single,2,0.8424,0.7975,0.8328,0.8747
BAT_QA_0051,Batteries,single,2,0.783,0.7268,0.759,0.7918
BAT_QA_0052,Batteries,single,2,0.8399,0.7951,0.7894,0.8045
BAT_QA_0053,Batteries,single,2,0.7282,0.8732,0.8192,0.9216
BAT_QA_0054,Batteries,single,2,0.995,0.995,0.995,0.995
BAT_QA_0055,Batteries,single,2,0.7883,0.7589,0.7691,0.8761
BAT_QA_0056,Batteries,single,2,0.9689,0.9787,0.912,0.9625
BAT_QA_0057,Batteries,multi,2,0.9619,0.9869,0.9242,0.9923
BAT_QA_0058,Batteries,single,2,0.9588,0.995,0.8286,0.9398
BAT_QA_0059,Batteries,single,2,0.9298,0.9539,0.995,0.9453
BAT_QA_0060,Batteries,multi,2,0.7859,0.7701,0.7898,0.8631
BAT_QA_0061,Batteries,single,2,0.7672,0.705,0.7976,0.8138
BAT_QA_0062,Batteries,multi,2,0.7074,0.646,0.7469,0.7614
BAT_QA_0063,Batteries,single,2,0.9608,0.9242,0.8991,0.9325
BAT_QA_0064,Batteries,single,2,0.995,0.9819,0.995,0.995
BAT_QA_0065,Batteries,single,2,0.995,0.995,0.995,0.995
BAT_QA_0066,Batteries,single,2,0.7544,0.7884,0.7779,0.8081
BAT_QA_0067,Batteries,single,2,0.8284,0.8456,0.8271,0.9024
BAT_QA_0068,Batteries,multi,2,0.9752,0.9088,0.9907,0.995
BAT_QA_0069,Batteries,single,2,0.6743,0.6443,0.6959,0.7932
BAT_QA_0070,Batteries,multi,2,0.9841,0.9122,0.995,0.995
BAT_QA_0071,Batteries,single,2,0.9159,0.8991,0.9106,0.9737
BAT_QA_0072,Batteries,multi,2,0.9617,0.9547,0.9849,0.995
BAT_QA_0073,Batteries,single,2,0.995,0.995,0.995,0.9917
BAT_QA_0074,Batteries,multi,2,0.7126,0.6342,0.6782,0.7716
BAT_QA_0075,Batteries,single,2,0.9167,0.995,0.9301,0.995
BAT_QA_0076,Batteries,multi,2,0.7605,0.838,0.8367,0.8351
BAT_QA_0077,Batteries,single,2,0.995,0.995,0.995,0.995
BAT_QA_0078,Batteries,single,2,0.8694,0.9167,0.9511,0.9948
BAT_QA_0079,Batteries,multi,2,0.8857,0.8247,0.7953,0.7857
BAT_QA_0080,Batteries,single,2,0.995,0.995,0.9593,0.995
BAT_QA_0081,Batteries,single,2,0.9525,0.905,0.9242,0.9866
BAT_QA_0082,Batteries,multi,2,0.9438,0.9764,0.995,0.995
BAT_QA_0083,Batteries,single,2,0.5848,0.7689,0.793,0.8253
BAT_QA_0084,Batteries,single,2,0.8759,0.9457,0.97,0.995
BAT_QA_0085,Batteries,multi,2,0.7413,0.714,0.6664,0.8516
BAT_QA_0086,Batteries,multi,2,0.8971,0.9654,0.9238,0.9797
BAT_QA_0087,Batteries,single,2,0.995,0.995,0.995,0.995
BAT_QA_0088,Batteries,single,2,0.8388,0.7977,0.7583,0.8025
BAT_QA_0089,Batteries,single,2,0.995,0.995,0.9795,0.995
BAT_QA_0090,Batteries,single,2,0.9695,0.8825,0.9372,0.9308
BAT_QA_0091,Batteries,single,2,0.995,0.995,0.995,0.995
BAT_QA_0092,Batteries,single,2,0.7257,0.8162,0.7727,0.8723
BAT_QA_0093,Batteries,single,2,0.8368,0.8342,0.8329,0.9238
BAT_QA_0094,Batteries,single,2,0.7193,0.698,0.7281,0.8282
BAT_QA_0095,Batteries,single,2,0.995,0.995,0.8233,0.995
BAT_QA_0096,Batteries,single,2,0.995,0.995,0.995,0.995
BAT_QA_0097,Batteries,multi,2,0.7498,0.651,0.7229,0.815
BAT_QA_0098,Batteries,multi,2,0.8404,0.7744,0.7093,0.8414
BAT_QA_0099,Batteries,single,2,0.8082,0.8497,0.8814,0.9155
BAT_QA_0100,Batteries,multi,2,0.995,0.9021,0.9539,0.9798
BAT_QA_0101,Batteries,single,2,0.8988,0.9065,0.995,0.9246
BAT_QA_0102,Batteries,multi,2,0.9329,0.8689,0.9218,0.9542
BAT_QA_0103,Batteries,single,2,0.9585,0.9314,0.893,0.995
BAT_QA_0104,Batteries,multi,2,0.7811,0.8775,0.787,0.8804
BAT_QA_0105,Batteries,single,2,0.8664,0.7877,0.8025,0.8849
BAT_QA_0106,Batteries,multi,2,0.9385,0.8977,0.9483,0.9591
BAT_QA_0107,Batteries,multi,2,0.8219,0.8406,0.8665,0.9477
BAT_QA_0108,Batteries,single,2,0.8811,0.9302,0.9064,0.8824
BAT_QA_0109,Batteries,single,2,0.8009,0.8227,0.7524,0.8754
BAT_QA_0110,Batteries,single,2,0.8975,0.8448,0.8715,0.8966
BAT_QA_0111,Batteries,multi,2,0.995,0.995,0.995,0.995
BAT_QA_0112,Batteries,single,2,0.9873,0.995,0.995,0.995
BAT_QA_0113,Batteries,multi,2,0.9263,0.8909,0.9546,0.9831
BAT_QA_0114,Batteries,multi,2,0.8753,0.7997,0.7534,0.7774
BAT_QA_0115,Batteries,multi,2,0.995,0.995,0.995,0.995
BAT_QA_0116,Batteries,single,2,0.995,0.995,0.995,0.995
BAT_QA_0117,Batteries,multi,2,0.6551,0.785,0.7507,0.8867
BAT_QA_0118,Batteries,single,2,0.9022,0.801,0.826,0.9245
BAT_QA_0119,Batteries,single,2,0.653,0.6756,0.6578,0.7688
BAT_QA_0120,Batteries,single,2,0.8985,0.926,0.8924,0.9329
BAT_QA_0121,Batteries,single,2,0.8446,0.8328,0.8901,0.9002
BAT_QA_0122,Batteries,single,2,0.9134,0.9443,0.995,0.9619
BAT_QA_0123,Batteries,single,2,0.995,0.995,0.9023,0.995
BAT_QA_0124,Batteries,single,2,0.7362,0.7756,0.7288,0.7814
BAT_QA_0001,Batteries,single,3,0.8139,0.768,0.8328,0.8681
BAT_QA_0002,Batteries,single,3,0.995,0.995,0.995,0.995
BAT_QA_0003,Batteries,multi,3,0.9054,0.9819,0.995,0.995
BAT_QA_0004,Batteries,single,3,0.8136,0.9892,0.995,0.995
BAT_QA_0005,Batteries,single,3,0.995,0.995,0.995,0.995
BAT_QA_0006,Batteries,single,3,0.995,0.995,0.995,0.995
BAT_QA_0007,Batteries,multi,3,0.995,0.9557,0.9476,0.9851
BAT_QA_0008,Batteries,single,3,0.995,0.995,0.995,0.995
BAT_QA_0009,Batteries,single,3,0.9341,0.9192,0.9768,0.9625
BAT_QA_0010,Batteries,single,3,0.995,0.9084,0.995,0.995
BAT_QA_0011,Batteries,single,3,0.9747,0.8321,0.8991,0.995
BAT_QA_0012,Batteries,single,3,0.8598,0.8987,0.9306,0.8571
BAT_QA_0013,Batteries,single,3,0.995,0.995,0.995,0.995
BAT_QA_0014,Batteries,multi,3,0.9837,0.9088,0.995,0.995
BAT_QA_0015,Batteries,multi,3,0.995,0.995,0.995,0.995
BAT_QA_0016,Batteries,single,3,0.717,0.5504,0.656,0.7074
BAT_QA_0017,Batteries,multi,3,0.7174,0.8354,0.8642,0.8927
BAT_QA_0018,Batteries,single,3,0.617,0.5403,0.611,0.6671
BAT_QA_0019,Batteries,single,3,0.9192,0.8906,0.995,0.9918
BAT_QA_0020,Batteries,single,3,0.4291,0.3667,0.3769,0.4935
BAT_QA_0021,Batteries,single,3,0.6815,0.6485,0.7512,0.7972
BAT_QA_0022,Batteries,multi,3,0.6255,0.6706,0.7583,0.7897
BAT_QA_0023,Batteries,single,3,0.995,0.9265,0.995,0.995
BAT_QA_0024,Batteries,single,3,0.9352,0.8944,0.935,0.9241
BAT_QA_0025,Batteries,single,3,0.9518,0.9645,0.9485,0.9868
BAT_QA_0026,Batteries,multi,3,0.7858,0.7639,0.8419,0.81
BAT_QA_0027,Batteries,single,3,0.995,0.995,0.995,0.995
BAT_QA_0028,Batteries,single,3,0.9644,0.9147,0.9789,0.9388
BAT_QA_0029,Batteries,single,3,0.995,0.995,0.995,0.995
BAT_QA_0030,Batteries,single,3,0.995,0.9632,0.995,0.995
BAT_QA_0031,Batteries,multi,3,0.995,0.995,0.995,0.9756
BAT_QA_0032,Batteries,multi,3,0.995,0.9518,0.9255,0.995
BAT_QA_0033,Batteries,single,3,0.995,0.995,0.995,0.995
BAT_QA_0034,Batteries,single,3,0.9443,0.935,0.8426,0.8239
BAT_QA_0035,Batteries,multi,3,0.949,0.995,0.9819,0.9581
BAT_QA_0036,Batteries,single,3,0.995,0.995,0.995,0.995
BAT_QA_0037,Batteries,multi,3,0.8153,0.7959,0.7669,0.8392
BAT_QA_0038,Batteries,single,3,0.995,0.8404,0.9361,0.9902
BAT_QA_0039,Batteries,multi,3,0.7548,0.7023,0.7753,0.8691
BAT_QA_0040,Batteries,single,3,0.995,0.995,0.995,0.995
BAT_QA_0041,Batteries,single,3,0.8649,0.7091,0.8218,0.8536
BAT_QA_0042,Batteries,multi,3,0.9081,0.866,0.9198,0.9703
BAT_QA_0043,Batteries,single,3,0.9628,0.995,0.995,0.995
BAT_QA_0044,Batteries,single,3,0.956,0.9305,0.9341,0.9167
BAT_QA_0045,Batteries,multi,3,0.995,0.995,0.995,0.995
BAT_QA_0046,Batteries,multi,3,0.7543,0.7231,0.8443,0.6957
BAT_QA_0047,Batteries,single,3,0.9108,0.8693,0.9121,0.953
BAT_QA_0048,Batteries,single,3,0.981,0.9092,0.9417,0.9489
BAT_QA_0049,Batteries,single,3,0.8728,0.8571,0.8951,0.9139
BAT_QA_0050,Batteries,single,3,0.8761,0.7748,0.8535,0.8777
BAT_QA_0051,Batteries,single,3,0.8183,0.7368,0.7619,0.7631
BAT_QA_0052,Batteries,single,3,0.8391,0.7683,0.818,0.7848
BAT_QA_0053,Batteries,single,3,0.7667,0.8562,0.7904,0.8568
BAT_QA_0054,Batteries,single,3,0.995,0.995,0.995,0.995
BAT_QA_0055,Batteries,single,3,0.7718,0.6828,0.834,0.8523
BAT_QA_0056,Batteries,single,3,0.9656,0.9265,0.9717,0.9372
BAT_QA_0057,Batteries,multi,3,0.9846,0.9691,0.9596,0.9809
BAT_QA_0058,Batteries,single,3,0.9532,0.9732,0.8683,0.9033
BAT_QA_0059,Batteries,single,3,0.995,0.995,0.9903,0.985
BAT_QA_0060,Batteries,multi,3,0.7962,0.7035,0.8163,0.8244
BAT_QA_0061,Batteries,single,3,0.7129,0.7148,0.8328,0.7721
BAT_QA_0062,Batteries,multi,3,0.6991,0.5677,0.8066,0.7088
BAT_QA_0063,Batteries,single,3,0.995,0.9587,0.9172,0.9707
BAT_QA_0064,Batteries,single,3,0.995,0.9728,0.995,0.995
BAT_QA_0065,Batteries,single,3,0.995,0.995,0.995,0.995
BAT_QA_0066,Batteries,single,3,0.7484,0.6818,0.7948,0.7897
BAT_QA_0067,Batteries,single,3,0.8282,0.8607,0.8062,0.8879
BAT_QA_0068,Batteries,multi,3,0.9739,0.8323,0.995,0.9839
BAT_QA_0069,Batteries,single,3,0.7243,0.664,0.7746,0.7359
BAT_QA_0070,Batteries,multi,3,0.9769,0.881,0.995,0.995
BAT_QA_0071,Batteries,single,3,0.9662,0.8275,0.9108,0.9487
BAT_QA_0072,Batteries,multi,3,0.995,0.9311,0.995,0.9885
BAT_QA_0073,Batteries,single,3,0.995,0.995,0.995,0.9734
BAT_QA_0074,Batteries,multi,3,0.7304,0.66,0.7265,0.7232
BAT_QA_0075,Batteries,single,3,0.9908,0.995,0.995,0.9764
BAT_QA_0076,Batteries,multi,3,0.7979,0.796,0.8716,0.8175
BAT_QA_0077,Batteries,single,3,0.995,0.995,0.995,0.995
BAT_QA_0078,Batteries,single,3,0.9315,0.915,0.995,0.9447
BAT_QA_0079,Batteries,multi,3,0.8401,0.7839,0.8332,0.7652
BAT_QA_0080,Batteries,single,3,0.995,0.995,0.995,0.995
BAT_QA_0081,Batteries,single,3,0.9395,0.8801,0.912,0.9783
BAT_QA_0082,Batteries,multi,3,0.995,0.9401,0.995,0.995
BAT_QA_0083,Batteries,single,3,0.5546,0.7286,0.8867,0.8352
BAT_QA_0084,Batteries,single,3,0.9485,0.9087,0.995,0.9423
BAT_QA_0085,Batteries,multi,3,0.7964,0.5738,0.7393,0.7713
BAT_QA_0086,Batteries,multi,3,0.8888,0.9393,0.9253,0.9506
BAT_QA_0087,Batteries,single,3,0.995,0.995,0.995,0.995
BAT_QA_0088,Batteries,single,3,0.8493,0.787,0.8128,0.8164
BAT_QA_0089,Batteries,single,3,0.995,0.9705,0.995,0.995
BAT_QA_0090,Batteries,single,3,0.995,0.904,0.9937,0.95
BAT_QA_0091,Batteries,single,3,0.995,0.995,0.995,0.995
BAT_QA_0092,Batteries,single,3,0.7425,0.8333,0.8557,0.8504
BAT_QA_0093,Batteries,single,3,0.8987,0.7886,0.8253,0.9407
BAT_QA_0094,Batteries,single,3,0.7405,0.6535,0.7608,0.8026
BAT_QA_0095,Batteries,single,3,0.995,0.995,0.8919,0.9691
BAT_QA_0096,Batteries,single,3,0.995,0.995,0.995,0.995
BAT_QA_0097,Batteries,multi,3,0.778,0.6038,0.7543,0.8172
BAT_QA_0098,Batteries,multi,3,0.8029,0.7397,0.7648,0.7936
BAT_QA_0099,Batteries,single,3,0.8296,0.7776,0.9225,0.8847
BAT_QA_0100,Batteries,multi,3,0.995,0.9374,0.995,0.9243
BAT_QA_0101,Batteries,single,3,0.9461,0.9371,0.995,0.9016
BAT_QA_0102,Batteries,multi,3,0.9816,0.8626,0.9445,0.9676
BAT_QA_0103,Batteries,single,3,0.9392,0.8963,0.9069,0.9622
BAT_QA_0104,Batteries,multi,3,0.7852,0.8446,0.8335,0.8489
BAT_QA_0105,Batteries,single,3,0.8862,0.7786,0.8305,0.8599
BAT_QA_0106,Batteries,multi,3,0.8919,0.8689,0.9373,0.8909
BAT_QA_0107,Batteries,multi,3,0.8342,0.781,0.8806,0.9346
BAT_QA_0108,Batteries,single,3,0.9509,0.8566,0.8844,0.8582
BAT_QA_0109,Batteries,single,3,0.8763,0.7798,0.7786,0.8922
BAT_QA_0110,Batteries,single,3,0.9422,0.7921,0.8752,0.8837
BAT_QA_0111,Batteries,multi,3,0.995,0.9937,0.995,0.995
BAT_QA_0112,Batteries,single,3,0.995,0.9731,0.995,0.9897
BAT_QA_0113,Batteries,multi,3,0.9476,0.8389,0.9888,0.9562
BAT_QA_0114,Batteries,multi,3,0.8181,0.7884,0.859,0.7702
BAT_QA_0115,Batteries,multi,3,0.995,0.995,0.995,0.995
BAT_QA_0116,Batteries,single,3,0.995,0.995,0.995,0.995
BAT_QA_0117,Batteries,multi,3,0.7036,0.7281,0.8028,0.8317
BAT_QA_0118,Batteries,single,3,0.9014,0.8071,0.9112,0.9051
BAT_QA_0119,Batteries,single,3,0.7277,0.6828,0.733,0.7181
BAT_QA_0120,Batteries,single,3,0.9247,0.8889,0.8745,0.8875
BAT_QA_0121,Batteries,single,3,0.9249,0.788,0.88,0.867
BAT_QA_0122,Batteries,single,3,0.9598,0.915,0.995,0.9508
BAT_QA_0123,Batteries,single,3,0.995,0.9693,0.9668,0.995
BAT_QA_0124,Batteries,single,3,0.7266,0.671,0.768,0.7851
