query_id,domain,question_type,run,faithfulness,answer_relevancy,ref_faithfulness,ref_answer_relevancy
SUP_QA_0001,Superalloys,single,1,0.9042,0.8231,0.8737,0.7438
SUP_QA_0002,Superalloys,multi,1,0.9719,0.9317,0.9253,0.9183
SUP_QA_0003,Superalloys,multi,1,0.8134,0.7337,0.7411,0.6635
SUP_QA_0004,Superalloys,multi,1,0.7523,0.7598,0.643,0.6891
SUP_QA_0005,Superalloys,single,1,0.6194,0.7977,0.5954,0.7094
SUP_QA_0006,Superalloys,single,1,0.9372,0.995,0.8922,0.9896
SUP_QA_0007,Superalloys,single,1,0.963,0.995,0.9491,0.9896
SUP_QA_0008,Superalloys,single,1,0.995,0.9296,0.9836,0.8935
SUP_QA_0009,Superalloys,single,1,0.9646,0.995,0.9367,0.9524
SUP_QA_0010,Superalloys,single,1,0.8853,0.9108,0.8295,0.8873
SUP_QA_0011,Superalloys,single,1,0.9667,0.8288,0.9068,0.7692
SUP_QA_0012,Superalloys,single,1,0.896,0.8416,0.8189,0.7694
SUP_QA_0013,Superalloys,multi,1,0.8294,0.7149,0.794,0.6585
SUP_QA_0014,Superalloys,single,1,0.9193,0.7604,0.8826,0.6731
SUP_QA_0015,Superalloys,single,1,0.9721,0.9357,0.9466,0.8743
SUP_QA_0016,Superalloys,single,1,0.9189,0.8136,0.8657,0.7598
SUP_QA_0017,Superalloys,single,1,0.9872,0.995,0.9627,0.9732
SUP_QA_0018,Superalloys,single,1,0.995,0.995,0.9456,0.9782
SUP_QA_0019,Superalloys,single,1,0.9824,0.995,0.9482,0.9896
SUP_QA_0020,Superalloys,single,1,0.9832,0.9629,0.9279,0.9556
SUP_QA_0021,Superalloys,multi,1,0.9713,0.9637,0.9468,0.9351
SUP_QA_0022,Superalloys,single,1,0.9046,0.7253,0.8526,0.6997
SUP_QA_0023,Superalloys,single,1,0.995,0.995,0.958,0.9664
SUP_QA_0024,Superalloys,single,1,0.8656,0.8737,0.8177,0.7983
SUP_QA_0025,Superalloys,single,1,0.8769,0.995,0.8453,0.9838
SUP_QA_0026,Superalloys,single,1,0.9825,0.9913,0.9138,0.9896
SUP_QA_0027,Superalloys,multi,1,0.7182,0.7476,0.6382,0.6487
SUP_QA_0028,Superalloys,multi,1,0.9404,0.995,0.9285,0.974
SUP_QA_0029,Superalloys,single,1,0.8458,0.7715,0.8109,0.7087
SUP_QA_0030,Superalloys,multi,1,0.806,0.7356,0.7237,0.6341
SUP_QA_0031,Superalloys,single,1,0.9414,0.995,0.9256,0.9618
SUP_QA_0032,Superalloys,single,1,0.8899,0.7564,0.8012,0.7045
SUP_QA_0033,Superalloys,single,1,0.8226,0.796,0.7698,0.7057
SUP_QA_0034,Superalloys,multi,1,0.9799,0.9775,0.9495,0.9539
SUP_QA_0035,Superalloys,single,1,0.9589,0.9644,0.9357,0.9244
SUP_QA_0036,Superalloys,single,1,0.9852,0.995,0.9429,0.9896
SUP_QA_0037,Superalloys,single,1,0.961,0.995,0.9568,0.9732
SUP_QA_0038,Superalloys,single,1,0.9633,0.9782,0.9124,0.9608
SUP_QA_0039,Superalloys,single,1,0.971,0.8098,0.9391,0.7118
SUP_QA_0040,Superalloys,multi,1,0.995,0.9678,0.9735,0.9499
SUP_QA_0041,Superalloys,single,1,0.995,0.995,0.9472,0.9896
SUP_QA_0042,Superalloys,single,1,0.9102,0.9882,0.8762,0.9445
SUP_QA_0043,Superalloys,single,1,0.8501,0.7914,0.7722,0.7449
SUP_QA_0044,Superalloys,multi,1,0.9501,0.7872,0.9342,0.7479
SUP_QA_0045,Superalloys,single,1,0.8082,0.7737,0.7265,0.7094
SUP_QA_0046,Superalloys,single,1,0.7481,0.6442,0.6116,0.5286
SUP_QA_0047,Superalloys,multi,1,0.9905,0.8364,0.9455,0.7666
SUP_QA_0048,Superalloys,single,1,0.995,0.9495,0.9691,0.905
SUP_QA_0049,Superalloys,multi,1,0.8626,0.8385,0.8027,0.8113
SUP_QA_0050,Superalloys,single,1,0.9545,0.9284,0.9314,0.8949
SUP_QA_0051,Superalloys,single,1,0.9389,0.995,0.8956,0.9879
SUP_QA_0052,Superalloys,single,1,0.8548,0.8142,0.7733,0.7531
SUP_QA_0053,Superalloys,single,1,0.9696,0.796,0.9286,0.7437
SUP_QA_0054,Superalloys,multi,1,0.9452,0.9164,0.9129,0.862
SUP_QA_0055,Superalloys,single,1,0.8198,0.8157,0.756,0.7679
SUP_QA_0056,Superalloys,single,1,0.9238,0.8298,0.8177,0.7872
SUP_QA_0057,Superalloys,single,1,0.84,0.8654,0.7829,0.8241
SUP_QA_0058,Superalloys,single,1,0.7958,0.8711,0.7802,0.8539
SUP_QA_0059,Superalloys,single,1,0.9521,0.907,0.9347,0.8968
SUP_QA_0060,Superalloys,single,1,0.746,0.664,0.6711,0.5758
SUP_QA_0061,Superalloys,single,1,0.8371,0.8709,0.7625,0.8066
SUP_QA_0062,Superalloys,multi,1,0.7276,0.5778,0.6409,0.4287
SUP_QA_0063,Superalloys,single,1,0.9817,0.9851,0.9387,0.9703
SUP_QA_0064,Superalloys,multi,1,0.9126,0.9744,0.9108,0.9541
SUP_QA_0065,Superalloys,single,1,0.9898,0.9812,0.9611,0.9658
SUP_QA_0066,Superalloys,single,1,0.9438,0.8983,0.9295,0.8955
SUP_QA_0067,Superalloys,multi,1,0.9698,0.7143,0.9212,0.6399
SUP_QA_0068,Superalloys,single,1,0.9279,0.982,0.9194,0.9502
SUP_QA_0069,Superalloys,single,1,0.919,0.9247,0.8203,0.8614
SUP_QA_0070,Superalloys,multi,1,0.7784,0.711,0.7023,0.6246
SUP_QA_0071,Superalloys,single,1,0.8569,0.8641,0.8121,0.7802
SUP_QA_0072,Superalloys,multi,1,0.9927,0.7995,0.9116,0.7747
SUP_QA_0073,Superalloys,multi,1,0.6679,0.6236,0.5685,0.5047
SUP_QA_0074,Superalloys,multi,1,0.9903,0.9424,0.9461,0.9122
SUP_QA_0075,Superalloys,single,1,0.9099,0.9153,0.886,0.8814
SUP_QA_0076,Superalloys,single,1,0.8977,0.8614,0.8568,0.8129
SUP_QA_0077,Superalloys,multi,1,0.995,0.9405,0.9836,0.9486
SUP_QA_0078,Superalloys,single,1,0.6648,0.5691,0.5361,0.4574
SUP_QA_0079,Superalloys,single,1,0.9944,0.9273,0.933,0.8958
SUP_QA_0080,Superalloys,multi,1,0.9238,0.9584,0.9116,0.95
SUP_QA_0081,Superalloys,multi,1,0.7788,0.732,0.728,0.6736
SUP_QA_0082,Superalloys,multi,1,0.9616,0.9865,0.9398,0.9896
SUP_QA_0083,Superalloys,single,1,0.7709,0.6408,0.6587,0.5481
SUP_QA_0084,Superalloys,single,1,0.9805,0.9773,0.9663,0.9506
SUP_QA_0085,Superalloys,single,1,0.9602,0.9672,0.909,0.9418
SUP_QA_0086,Superalloys,single,1,0.995,0.9839,0.9836,0.9546
SUP_QA_0087,Superalloys,multi,1,0.995,0.9708,0.939,0.9843
SUP_QA_0088,Superalloys,single,1,0.869,0.8407,0.7895,0.7835
SUP_QA_0089,Superalloys,single,1,0.9473,0.8454,0.9489,0.8092
SUP_QA_0090,Superalloys,single,1,0.7724,0.8108,0.6983,0.7499
SUP_QA_0091,Superalloys,multi,1,0.92,0.7725,0.8989,0.7155
SUP_QA_0092,Superalloys,single,1,0.7319,0.5233,0.6436,0.3658
SUP_QA_0093,Superalloys,multi,1,0.9691,0.8883,0.941,0.8742
SUP_QA_0094,Superalloys,multi,1,0.9456,0.9874,0.9179,0.9705
SUP_QA_0095,Superalloys,multi,1,0.913,0.7301,0.8884,0.7207
SUP_QA_0096,Superalloys,single,1,0.9741,0.982,0.9451,0.9638
SUP_QA_0097,Superalloys,multi,1,0.8548,0.7872,0.7886,0.6897
SUP_QA_0098,Superalloys,single,1,0.6484,0.578,0.5527,0.4579
SUP_QA_0099,Superalloys,single,1,0.995,0.995,0.964,0.9722
SUP_QA_0100,Superalloys,multi,1,0.6383,0.5782,0.5147,0.4588
SUP_QA_0101,Superalloys,single,1,0.895,0.8473,0.8421,0.7956
SUP_QA_0102,Superalloys,multi,1,0.995,0.9068,0.9472,0.859
SUP_QA_0103,Superalloys,multi,1,0.9576,0.9611,0.924,0.9288
SUP_QA_0104,Superalloys,single,1,0.7728,0.7392,0.7025,0.6885
SUP_QA_0105,Superalloys,single,1,0.995,0.995,0.9836,0.9896
SUP_QA_0106,Superalloys,single,1,0.9303,0.822,0.8549,0.7302
SUP_QA_0107,Superalloys,single,1,0.8726,0.7923,0.8134,0.728
SUP_QA_0108,Superalloys,single,1,0.9542,0.8961,0.8929,0.8549
SUP_QA_0109,Superalloys,single,1,0.9396,0.9567,0.8622,0.8901
SUP_QA_0110,Superalloys,single,1,0.9684,0.995,0.9336,0.9869
SUP_QA_0111,Superalloys,single,1,0.9506,0.9403,0.9175,0.8822
SUP_QA_0112,Superalloys,multi,1,0.995,0.914,0.9427,0.9082
SUP_QA_0113,Superalloys,single,1,0.767,0.879,0.7424,0.8071
SUP_QA_0114,Superalloys,single,1,0.6635,0.5978,0.5217,0.4352
SUP_QA_0115,Superalloys,multi,1,0.8704,0.8897,0.8405,0.8603
SUP_QA_0116,Superalloys,multi,1,0.947,0.8474,0.9103,0.8259
SUP_QA_0117,Superalloys,multi,1,0.9005,0.9855,0.8319,0.9346
SUP_QA_0118,Superalloys,single,1,0.9248,0.8581,0.8358,0.7731
SUP_QA_0119,Superalloys,single,1,0.9398,0.9913,0.9119,0.9571
SUP_QA_0120,Superalloys,single,1,0.6853,0.6851,0.6643,0.5781
SUP_QA_0121,Superalloys,single,1,0.7047,0.8142,0.6131,0.7066
SUP_QA_0122,Superalloys,single,1,0.9601,0.9364,0.9199,0.9266
SUP_QA_0123,Superalloys,single,1,0.9743,0.995,0.9589,0.9896
SUP_QA_0124,Superalloys,single,1,0.6244,0.6659,0.5155,0.5835
SUP_QA_0125,Superalloys,multi,1,0.8363,0.9089,0.7796,0.889
SUP_QA_0126,Superalloys,multi,1,0.7564,0.6984,0.6794,0.597
SUP_QA_0127,Superalloys,single,1,0.986,0.9626,0.9515,0.954
SUP_QA_0128,Superalloys,multi,1,0.944,0.8944,0.8842,0.8751
SUP_QA_0129,Superalloys,multi,1,0.7152,0.748,0.5998,0.6954
SUP_QA_0130,Superalloys,multi,1,0.9573,0.9616,0.9585,0.9296
SUP_QA_0131,Superalloys,single,1,0.9847,0.8659,0.9551,0.8483
SUP_QA_0132,Superalloys,multi,1,0.995,0.9672,0.9827,0.9399
SEM_QA_0001,Semiconductors,single,1,0.7658,0.8779,0.6957,0.8429
SEM_QA_0002,Semiconductors,single,1,0.9948,0.9051,0.9424,0.8755
SEM_QA_0003,Semiconductors,single,1,0.773,0.8086,0.7133,0.7786
SEM_QA_0004,Semiconductors,single,1,0.9752,0.995,0.9547,0.9896
SEM_QA_0005,Semiconductors,multi,1,0.8967,0.8148,0.8751,0.7448
SEM_QA_0006,Semiconductors,multi,1,0.7537,0.8099,0.6763,0.7598
SEM_QA_0007,Semiconductors,single,1,0.8212,0.9089,0.7591,0.8522
SEM_QA_0008,Semiconductors,single,1,0.8876,0.869,0.7815,0.8387
SEM_QA_0009,Semiconductors,single,1,0.995,0.9571,0.9836,0.942
SEM_QA_0010,Semiconductors,single,1,0.7738,0.7741,0.7608,0.6631
SEM_QA_0011,Semiconductors,single,1,0.5014,0.4374,0.4712,0.2987
SEM_QA_0012,Semiconductors,single,1,0.995,0.8886,0.9836,0.8562
SEM_QA_0013,Semiconductors,multi,1,0.961,0.9712,0.9189,0.9558
SEM_QA_0014,Semiconductors,single,1,0.9192,0.9631,0.923,0.9305
SEM_QA_0015,Semiconductors,multi,1,0.9699,0.9899,0.9406,0.9711
SEM_QA_0016,Semiconductors,single,1,0.7858,0.6666,0.7236,0.5902
SEM_QA_0017,Semiconductors,single,1,0.9099,0.9339,0.8662,0.9123
SEM_QA_0018,Semiconductors,multi,1,0.9026,0.8223,0.8555,0.7826
SEM_QA_0019,Semiconductors,single,1,0.995,0.9479,0.964,0.9233
SEM_QA_0020,Semiconductors,single,1,0.8199,0.8968,0.7851,0.8665
SEM_QA_0021,Semiconductors,single,1,0.9086,0.9233,0.8733,0.8677
SEM_QA_0022,Semiconductors,single,1,0.9797,0.995,0.9542,0.9763
SEM_QA_0023,Semiconductors,single,1,0.7753,0.7739,0.7016,0.6994
SEM_QA_0024,Semiconductors,multi,1,0.757,0.6031,0.6787,0.4899
SEM_QA_0025,Semiconductors,single,1,0.9257,0.854,0.8923,0.8202
SEM_QA_0026,Semiconductors,single,1,0.9181,0.9291,0.8772,0.9037
SEM_QA_0027,Semiconductors,single,1,0.995,0.947,0.9643,0.9142
SEM_QA_0028,Semiconductors,multi,1,0.9786,0.953,0.9303,0.9419
SEM_QA_0029,Semiconductors,single,1,0.9356,0.8654,0.8877,0.8209
SEM_QA_0030,Semiconductors,single,1,0.7997,0.7346,0.7024,0.6554
SEM_QA_0031,Semiconductors,multi,1,0.9874,0.995,0.9364,0.9569
SEM_QA_0032,Semiconductors,single,1,0.9434,0.852,0.8968,0.8156
SEM_QA_0033,Semiconductors,multi,1,0.7757,0.7607,0.6737,0.655
SEM_QA_0034,Semiconductors,multi,1,0.8214,0.8748,0.7641,0.7921
SEM_QA_0035,Semiconductors,single,1,0.9733,0.995,0.9336,0.9674
SEM_QA_0036,Semiconductors,single,1,0.9935,0.972,0.9613,0.9561
SEM_QA_0037,Semiconductors,multi,1,0.9064,0.963,0.8846,0.95
SEM_QA_0038,Semiconductors,single,1,0.7596,0.5546,0.6334,0.434
SEM_QA_0039,Semiconductors,multi,1,0.7311,0.7505,0.6226,0.6547
SEM_QA_0040,Semiconductors,multi,1,0.852,0.8562,0.8025,0.8313
SEM_QA_0041,Semiconductors,single,1,0.9342,0.8602,0.8505,0.8051
SEM_QA_0042,Semiconductors,multi,1,0.995,0.9653,0.9836,0.9409
SEM_QA_0043,Semiconductors,multi,1,0.7917,0.8046,0.7375,0.7608
SEM_QA_0044,Semiconductors,multi,1,0.7157,0.7414,0.6021,0.6606
SEM_QA_0045,Semiconductors,single,1,0.8871,0.865,0.8527,0.8428
SEM_QA_0046,Semiconductors,single,1,0.8124,0.8445,0.7325,0.7869
SEM_QA_0047,Semiconductors,single,1,0.995,0.9932,0.9836,0.9896
SEM_QA_0048,Semiconductors,multi,1,0.8705,0.8889,0.7872,0.8279
SEM_QA_0049,Semiconductors,multi,1,0.64,0.5893,0.5348,0.4903
SEM_QA_0050,Semiconductors,single,1,0.8171,0.8996,0.7245,0.8431
SEM_QA_0051,Semiconductors,single,1,0.9914,0.8932,0.9257,0.8842
SEM_QA_0052,Semiconductors,single,1,0.9365,0.995,0.9076,0.9879
SEM_QA_0053,Semiconductors,single,1,0.6943,0.7871,0.6043,0.7104
SEM_QA_0054,Semiconductors,single,1,0.7587,0.6244,0.6907,0.535
SEM_QA_0055,Semiconductors,multi,1,0.6115,0.5722,0.5348,0.4305
SEM_QA_0056,Semiconductors,multi,1,0.9212,0.9573,0.8817,0.8983
SEM_QA_0057,Semiconductors,multi,1,0.8522,0.7544,0.8021,0.6629
SEM_QA_0058,Semiconductors,multi,1,0.9527,0.9758,0.9227,0.9601
SEM_QA_0059,Semiconductors,single,1,0.7382,0.7397,0.6677,0.6346
SEM_QA_0060,Semiconductors,single,1,0.8797,0.7175,0.8169,0.6075
SEM_QA_0061,Semiconductors,single,1,0.9205,0.9802,0.8532,0.9596
SEM_QA_0062,Semiconductors,single,1,0.9481,0.995,0.9225,0.9896
SEM_QA_0063,Semiconductors,multi,1,0.8708,0.9515,0.8158,0.9092
SEM_QA_0064,Semiconductors,multi,1,0.749,0.9043,0.651,0.826
SEM_QA_0065,Semiconductors,single,1,0.7625,0.712,0.6783,0.6216
SEM_QA_0066,Semiconductors,multi,1,0.8812,0.93,0.8134,0.8995
SEM_QA_0067,Semiconductors,single,1,0.9529,0.9596,0.9361,0.9326
SEM_QA_0068,Semiconductors,multi,1,0.9592,0.9566,0.9288,0.9456
SEM_QA_0069,Semiconductors,multi,1,0.995,0.8418,0.9459,0.7855
SEM_QA_0070,Semiconductors,single,1,0.9319,0.994,0.9163,0.9665
SEM_QA_0071,Semiconductors,single,1,0.9277,0.9114,0.8895,0.9096
SEM_QA_0072,Semiconductors,single,1,0.9143,0.9805,0.8779,0.9282
SEM_QA_0073,Semiconductors,single,1,0.9503,0.9664,0.9201,0.9705
SEM_QA_0074,Semiconductors,single,1,0.9353,0.9819,0.8932,0.9632
SEM_QA_0075,Semiconductors,single,1,0.8843,0.8863,0.827,0.8442
SEM_QA_0076,Semiconductors,multi,1,0.7791,0.7501,0.6847,0.7226
SEM_QA_0077,Semiconductors,single,1,0.9144,0.8925,0.8598,0.8358
SEM_QA_0078,Semiconductors,single,1,0.9541,0.9595,0.9226,0.9235
SEM_QA_0079,Semiconductors,multi,1,0.9233,0.9735,0.9063,0.91
SEM_QA_0080,Semiconductors,single,1,0.9262,0.8079,0.893,0.7733
SEM_QA_0081,Semiconductors,single,1,0.9646,0.9022,0.9173,0.8488
SEM_QA_0082,Semiconductors,single,1,0.9715,0.9652,0.9195,0.913
SEM_QA_0083,Semiconductors,single,1,0.737,0.6989,0.641,0.5984
SEM_QA_0084,Semiconductors,multi,1,0.809,0.8082,0.7216,0.7493
SEM_QA_0085,Semiconductors,single,1,0.9495,0.9439,0.9271,0.9593
SEM_QA_0086,Semiconductors,multi,1,0.7712,0.8401,0.6619,0.761
SEM_QA_0087,Semiconductors,multi,1,0.85,0.9784,0.8146,0.9207
SEM_QA_0088,Semiconductors,single,1,0.8508,0.9174,0.7804,0.9165
SEM_QA_0089,Semiconductors,single,1,0.8967,0.8849,0.8639,0.8393
SEM_QA_0090,Semiconductors,single,1,0.9337,0.9872,0.8839,0.9732
SEM_QA_0091,Semiconductors,single,1,0.754,0.6311,0.6706,0.5419
SEM_QA_0092,Semiconductors,single,1,0.915,0.8237,0.8318,0.755
SEM_QA_0093,Semiconductors,single,1,0.9842,0.9711,0.9548,0.9442
SEM_QA_0094,Semiconductors,single,1,0.9928,0.9733,0.9836,0.937
SEM_QA_0095,Semiconductors,multi,1,0.7504,0.7429,0.6125,0.6604
SEM_QA_0096,Semiconductors,multi,1,0.995,0.995,0.9371,0.9896
SEM_QA_0097,Semiconductors,single,1,0.9768,0.9884,0.9574,0.98
SEM_QA_0098,Semiconductors,single,1,0.9864,0.9864,0.9836,0.9552
SEM_QA_0099,Semiconductors,single,1,0.9847,0.9818,0.9291,0.9749
SEM_QA_0100,Semiconductors,multi,1,0.8645,0.9769,0.8267,0.9526
SEM_QA_0101,Semiconductors,single,1,0.9137,0.995,0.8683,0.9757
SEM_QA_0102,Semiconductors,single,1,0.9694,0.8827,0.9363,0.8091
SEM_QA_0103,Semiconductors,multi,1,0.9606,0.9945,0.9043,0.9896
SEM_QA_0104,Semiconductors,single,1,0.8699,0.7607,0.8137,0.6883
SEM_QA_0105,Semiconductors,multi,1,0.7926,0.8193,0.7122,0.7573
SEM_QA_0106,Semiconductors,multi,1,0.995,0.995,0.9519,0.9629
SEM_QA_0107,Semiconductors,single,1,0.9849,0.9685,0.9417,0.9581
SEM_QA_0108,Semiconductors,multi,1,0.7363,0.7735,0.6784,0.7478
SEM_QA_0109,Semiconductors,single,1,0.9306,0.9864,0.9221,0.9896
SEM_QA_0110,Semiconductors,multi,1,0.6233,0.7884,0.4888,0.6892
SEM_QA_0111,Semiconductors,single,1,0.9475,0.9412,0.9178,0.9234
SEM_QA_0112,Semiconductors,single,1,0.934,0.8775,0.9082,0.8624
SEM_QA_0113,Semiconductors,single,1,0.7943,0.9126,0.7576,0.8633
SEM_QA_0114,Semiconductors,single,1,0.9808,0.9589,0.9504,0.9627
SEM_QA_0115,Semiconductors,multi,1,0.8974,0.8251,0.8535,0.7428
SEM_QA_0116,Semiconductors,single,1,0.9795,0.9766,0.9493,0.9276
SEM_QA_0117,Semiconductors,multi,1,0.9274,0.956,0.9,0.9311
SEM_QA_0118,Semiconductors,single,1,0.9888,0.9859,0.9676,0.9371
SEM_QA_0119,Semiconductors,single,1,0.995,0.9667,0.9754,0.8962
SEM_QA_0120,Semiconductors,single,1,0.7764,0.866,0.6959,0.8148
SEM_QA_0121,Semiconductors,single,1,0.579,0.5955,0.4365,0.5186
SEM_QA_0122,Semiconductors,single,1,0.9657,0.8454,0.9316,0.8587
SEM_QA_0123,Semiconductors,single,1,0.8485,0.973,0.775,0.9541
SEM_QA_0124,Semiconductors,single,1,0.9339,0.9879,0.8988,0.9742
SEM_QA_0125,Semiconductors,single,1,0.9486,0.9777,0.919,0.9595
SEM_QA_0126,Semiconductors,multi,1,0.9009,0.9725,0.8711,0.9231
BAT_QA_0001,Batteries,single,1,0.8465,0.779,0.782,0.7574
BAT_QA_0002,Batteries,single,1,0.9765,0.995,0.9265,0.9748
BAT_QA_0003,Batteries,multi,1,0.9356,0.93,0.8789,0.8908
BAT_QA_0004,Batteries,single,1,0.8077,0.9446,0.7563,0.9345
BAT_QA_0005,Batteries,single,1,0.9874,0.9945,0.9641,0.9861
BAT_QA_0006,Batteries,single,1,0.9548,0.9729,0.9502,0.9497
BAT_QA_0007,Batteries,multi,1,0.9759,0.8544,0.9168,0.8015
BAT_QA_0008,Batteries,single,1,0.995,0.9593,0.9704,0.9437
BAT_QA_0009,Batteries,single,1,0.9587,0.9334,0.9217,0.9425
BAT_QA_0010,Batteries,single,1,0.9654,0.9289,0.9399,0.9374
BAT_QA_0011,Batteries,single,1,0.9491,0.916,0.908,0.8548
BAT_QA_0012,Batteries,single,1,0.8053,0.8258,0.7469,0.7747
BAT_QA_0013,Batteries,single,1,0.9347,0.9781,0.9284,0.9368
BAT_QA_0014,Batteries,multi,1,0.9459,0.8468,0.9074,0.8235
BAT_QA_0015,Batteries,multi,1,0.995,0.995,0.9836,0.9896
BAT_QA_0016,Batteries,single,1,0.5816,0.5307,0.5506,0.4215
BAT_QA_0017,Batteries,multi,1,0.6871,0.7795,0.5739,0.7702
BAT_QA_0018,Batteries,single,1,0.5641,0.5605,0.4266,0.5331
BAT_QA_0019,Batteries,single,1,0.9475,0.9599,0.8997,0.9462
BAT_QA_0020,Batteries,single,1,0.4764,0.4326,0.3312,0.2839
BAT_QA_0021,Batteries,single,1,0.6254,0.7434,0.6065,0.6308
BAT_QA_0022,Batteries,multi,1,0.7003,0.7287,0.5454,0.6292
BAT_QA_0023,Batteries,single,1,0.995,0.9371,0.9824,0.912
BAT_QA_0024,Batteries,single,1,0.8295,0.987,0.7839,0.9259
BAT_QA_0025,Batteries,single,1,0.995,0.977,0.9617,0.9681
BAT_QA_0026,Batteries,multi,1,0.803,0.8792,0.712,0.8285
BAT_QA_0027,Batteries,single,1,0.995,0.9645,0.9577,0.9506
BAT_QA_0028,Batteries,single,1,0.9308,0.9674,0.8845,0.9288
BAT_QA_0029,Batteries,single,1,0.995,0.9815,0.9836,0.9536
BAT_QA_0030,Batteries,single,1,0.9477,0.9709,0.9193,0.9419
BAT_QA_0031,Batteries,multi,1,0.9734,0.9366,0.9416,0.9195
BAT_QA_0032,Batteries,multi,1,0.9253,0.9675,0.8882,0.9257
BAT_QA_0033,Batteries,single,1,0.995,0.9489,0.9656,0.931
BAT_QA_0034,Batteries,single,1,0.8881,0.9367,0.8564,0.906
BAT_QA_0035,Batteries,multi,1,0.9648,0.9806,0.9389,0.9582
BAT_QA_0036,Batteries,single,1,0.98,0.9802,0.9592,0.9569
BAT_QA_0037,Batteries,multi,1,0.8224,0.757,0.7567,0.6718
BAT_QA_0038,Batteries,single,1,0.9559,0.9148,0.9385,0.882
BAT_QA_0039,Batteries,multi,1,0.8168,0.7896,0.7378,0.7359
BAT_QA_0040,Batteries,single,1,0.9675,0.9912,0.934,0.9887
BAT_QA_0041,Batteries,single,1,0.8538,0.6742,0.7608,0.5716
BAT_QA_0042,Batteries,multi,1,0.8134,0.9361,0.7579,0.8583
BAT_QA_0043,Batteries,single,1,0.8894,0.9216,0.8384,0.9201
BAT_QA_0044,Batteries,single,1,0.9474,0.9663,0.8933,0.9549
BAT_QA_0045,Batteries,multi,1,0.947,0.935,0.9202,0.923
BAT_QA_0046,Batteries,multi,1,0.6291,0.6744,0.6049,0.5871
BAT_QA_0047,Batteries,single,1,0.8674,0.9073,0.836,0.8756
BAT_QA_0048,Batteries,single,1,0.9889,0.9052,0.9485,0.8396
BAT_QA_0049,Batteries,single,1,0.9557,0.9052,0.9071,0.8695
BAT_QA_0050,Batteries,single,1,0.8531,0.7836,0.7859,0.7147
BAT_QA_0051,Batteries,single,1,0.6484,0.7172,0.6346,0.6097
BAT_QA_0052,Batteries,single,1,0.8823,0.8504,0.8359,0.8007
BAT_QA_0053,Batteries,single,1,0.7869,0.8369,0.7288,0.7804
BAT_QA_0054,Batteries,single,1,0.9501,0.9851,0.9268,0.9653
BAT_QA_0055,Batteries,single,1,0.8029,0.7496,0.731,0.6937
BAT_QA_0056,Batteries,single,1,0.937,0.8593,0.8894,0.7932
BAT_QA_0057,Batteries,multi,1,0.9257,0.8921,0.8639,0.8888
BAT_QA_0058,Batteries,single,1,0.9564,0.9198,0.9223,0.914
BAT_QA_0059,Batteries,single,1,0.963,0.9116,0.9323,0.8658
BAT_QA_0060,Batteries,multi,1,0.7296,0.7161,0.7012,0.6134
BAT_QA_0061,Batteries,single,1,0.7716,0.7551,0.688,0.6472
BAT_QA_0062,Batteries,multi,1,0.7812,0.6029,0.6917,0.4953
BAT_QA_0063,Batteries,single,1,0.995,0.8522,0.9683,0.809
BAT_QA_0064,Batteries,single,1,0.9591,0.9831,0.9288,0.9377
BAT_QA_0065,Batteries,single,1,0.9762,0.9775,0.9354,0.9653
BAT_QA_0066,Batteries,single,1,0.8049,0.8044,0.6653,0.7537
BAT_QA_0067,Batteries,single,1,0.8208,0.8556,0.7551,0.823
BAT_QA_0068,Batteries,multi,1,0.9642,0.8548,0.9314,0.8121
BAT_QA_0069,Batteries,single,1,0.755,0.6595,0.6226,0.5536
BAT_QA_0070,Batteries,multi,1,0.9383,0.9641,0.8976,0.9171
BAT_QA_0071,Batteries,single,1,0.9929,0.8278,0.9556,0.7977
BAT_QA_0072,Batteries,multi,1,0.9404,0.9164,0.8906,0.9036
BAT_QA_0073,Batteries,single,1,0.995,0.9939,0.9457,0.9739
BAT_QA_0074,Batteries,multi,1,0.7302,0.5833,0.6208,0.4535
BAT_QA_0075,Batteries,single,1,0.8721,0.941,0.8403,0.9348
BAT_QA_0076,Batteries,multi,1,0.8064,0.7073,0.7133,0.6198
BAT_QA_0077,Batteries,single,1,0.9874,0.995,0.9367,0.9745
BAT_QA_0078,Batteries,single,1,0.8942,0.9156,0.8363,0.87
BAT_QA_0079,Batteries,multi,1,0.8657,0.7349,0.787,0.6715
BAT_QA_0080,Batteries,single,1,0.9944,0.9873,0.9832,0.9643
BAT_QA_0081,Batteries,single,1,0.9325,0.905,0.8871,0.8547
BAT_QA_0082,Batteries,multi,1,0.963,0.9474,0.9344,0.8968
BAT_QA_0083,Batteries,single,1,0.6856,0.7659,0.5649,0.6838
BAT_QA_0084,Batteries,single,1,0.933,0.8763,0.9097,0.8268
BAT_QA_0085,Batteries,multi,1,0.8318,0.6562,0.7373,0.5586
BAT_QA_0086,Batteries,multi,1,0.8812,0.9862,0.8209,0.9611
BAT_QA_0087,Batteries,single,1,0.988,0.995,0.9383,0.9689
BAT_QA_0088,Batteries,single,1,0.8586,0.7932,0.8025,0.7299
BAT_QA_0089,Batteries,single,1,0.9541,0.9885,0.9261,0.9558
BAT_QA_0090,Batteries,single,1,0.9558,0.9864,0.9041,0.9443
BAT_QA_0091,Batteries,single,1,0.9664,0.9387,0.9182,0.923
BAT_QA_0092,Batteries,single,1,0.7367,0.7612,0.7166,0.7102
BAT_QA_0093,Batteries,single,1,0.8998,0.8044,0.8489,0.7492
BAT_QA_0094,Batteries,single,1,0.7375,0.6979,0.6534,0.5925
BAT_QA_0095,Batteries,single,1,0.9722,0.995,0.9323,0.9757
BAT_QA_0096,Batteries,single,1,0.96,0.967,0.9414,0.9534
BAT_QA_0097,Batteries,multi,1,0.8357,0.6401,0.7624,0.5118
BAT_QA_0098,Batteries,multi,1,0.844,0.695,0.743,0.6083
BAT_QA_0099,Batteries,single,1,0.8717,0.7441,0.8044,0.6838
BAT_QA_0100,Batteries,multi,1,0.9388,0.8033,0.9226,0.7805
BAT_QA_0101,Batteries,single,1,0.886,0.9107,0.8544,0.883
BAT_QA_0102,Batteries,multi,1,0.9047,0.9254,0.8258,0.8821
BAT_QA_0103,Batteries,single,1,0.9748,0.995,0.9658,0.9896
BAT_QA_0104,Batteries,multi,1,0.8666,0.7983,0.7874,0.7785
BAT_QA_0105,Batteries,single,1,0.8501,0.8071,0.7863,0.7195
BAT_QA_0106,Batteries,multi,1,0.9226,0.8055,0.8577,0.7356
BAT_QA_0107,Batteries,multi,1,0.8417,0.8328,0.777,0.7689
BAT_QA_0108,Batteries,single,1,0.9522,0.9344,0.9255,0.9268
BAT_QA_0109,Batteries,single,1,0.8682,0.844,0.8101,0.7806
BAT_QA_0110,Batteries,single,1,0.966,0.822,0.9004,0.7717
BAT_QA_0111,Batteries,multi,1,0.9552,0.9491,0.9184,0.9261
BAT_QA_0112,Batteries,single,1,0.9693,0.9715,0.9608,0.9265
BAT_QA_0113,Batteries,multi,1,0.9282,0.8066,0.852,0.7836
BAT_QA_0114,Batteries,multi,1,0.8223,0.7801,0.7624,0.6711
BAT_QA_0115,Batteries,multi,1,0.995,0.9883,0.9836,0.9605
BAT_QA_0116,Batteries,single,1,0.9638,0.961,0.9176,0.9788
BAT_QA_0117,Batteries,multi,1,0.7197,0.7687,0.5928,0.677
BAT_QA_0118,Batteries,single,1,0.8992,0.8345,0.8412,0.7885
BAT_QA_0119,Batteries,single,1,0.7177,0.7904,0.596,0.703
BAT_QA_0120,Batteries,single,1,0.9547,0.9403,0.8972,0.935
BAT_QA_0121,Batteries,single,1,0.8981,0.8034,0.8271,0.7265
BAT_QA_0122,Batteries,single,1,0.9742,0.9387,0.9227,0.8918
BAT_QA_0123,Batteries,single,1,0.995,0.9797,0.9638,0.9586
BAT_QA_0124,Batteries,single,1,0.7227,0.718,0.6206,0.6365
SUP_QA_0001,Superalloys,single,2,0.8498,0.7686,0.8176,0.7163
SUP_QA_0002,Superalloys,multi,2,0.9459,0.9508,0.9251,0.9271
SUP_QA_0003,Superalloys,multi,2,0.7905,0.7047,0.6949,0.6128
SUP_QA_0004,Superalloys,multi,2,0.72,0.8088,0.5836,0.7563
SUP_QA_0005,Superalloys,single,2,0.7292,0.535,0.621,0.5191
SUP_QA_0006,Superalloys,single,2,0.9859,0.9032,0.9309,0.8856
SUP_QA_0007,Superalloys,single,2,0.995,0.97,0.995,0.9481
SUP_QA_0008,Superalloys,single,2,0.995,0.9438,0.995,0.9239
SUP_QA_0009,Superalloys,single,2,0.9835,0.9921,0.9746,0.9349
SUP_QA_0010,Superalloys,single,2,0.9082,0.8802,0.8463,0.8101
SUP_QA_0011,Superalloys,single,2,0.9099,0.8119,0.8428,0.7389
SUP_QA_0012,Superalloys,single,2,0.8044,0.7232,0.7284,0.6695
SUP_QA_0013,Superalloys,multi,2,0.8942,0.7704,0.8481,0.7074
SUP_QA_0014,Superalloys,single,2,0.9212,0.6879,0.8778,0.6198
SUP_QA_0015,Superalloys,single,2,0.9704,0.8899,0.9284,0.8536
SUP_QA_0016,Superalloys,single,2,0.8329,0.7887,0.7902,0.7591
SUP_QA_0017,Superalloys,single,2,0.995,0.987,0.9756,0.9654
SUP_QA_0018,Superalloys,single,2,0.9908,0.995,0.9788,0.9654
SUP_QA_0019,Superalloys,single,2,0.9849,0.9588,0.9734,0.9406
SUP_QA_0020,Superalloys,single,2,0.9624,0.9477,0.9247,0.9215
SUP_QA_0021,Superalloys,multi,2,0.995,0.9625,0.995,0.9239
SUP_QA_0022,Superalloys,single,2,0.8317,0.7837,0.7447,0.7119
SUP_QA_0023,Superalloys,single,2,0.9413,0.9799,0.9071,0.932
SUP_QA_0024,Superalloys,single,2,0.8461,0.9287,0.7632,0.8526
SUP_QA_0025,Superalloys,single,2,0.8989,0.995,0.8564,0.9487
SUP_QA_0026,Superalloys,single,2,0.8821,0.9733,0.8024,0.9606
SUP_QA_0027,Superalloys,multi,2,0.7096,0.7107,0.6164,0.6221
SUP_QA_0028,Superalloys,multi,2,0.9894,0.9559,0.9346,0.9145
SUP_QA_0029,Superalloys,single,2,0.8328,0.8586,0.7837,0.8185
SUP_QA_0030,Superalloys,multi,2,0.7426,0.8134,0.6669,0.7322
SUP_QA_0031,Superalloys,single,2,0.9533,0.9582,0.9307,0.922
SUP_QA_0032,Superalloys,single,2,0.8992,0.814,0.7935,0.7279
SUP_QA_0033,Superalloys,single,2,0.8496,0.7278,0.7934,0.6592
SUP_QA_0034,Superalloys,multi,2,0.9696,0.9666,0.9612,0.9155
SUP_QA_0035,Superalloys,single,2,0.9511,0.9574,0.9233,0.9087
SUP_QA_0036,Superalloys,single,2,0.995,0.9614,0.9635,0.9198
SUP_QA_0037,Superalloys,single,2,0.9902,0.9322,0.9547,0.9199
SUP_QA_0038,Superalloys,single,2,0.995,0.9656,0.9767,0.936
SUP_QA_0039,Superalloys,single,2,0.995,0.8824,0.9444,0.7792
SUP_QA_0040,Superalloys,multi,2,0.995,0.9463,0.995,0.9492
SUP_QA_0041,Superalloys,single,2,0.995,0.9845,0.9755,0.948
SUP_QA_0042,Superalloys,single,2,0.9782,0.9903,0.9487,0.9186
SUP_QA_0043,Superalloys,single,2,0.8495,0.8401,0.7757,0.7796
SUP_QA_0044,Superalloys,multi,2,0.9358,0.8571,0.9026,0.7934
SUP_QA_0045,Superalloys,single,2,0.7448,0.7165,0.6539,0.6138
SUP_QA_0046,Superalloys,single,2,0.6935,0.6363,0.55,0.5312
SUP_QA_0047,Superalloys,multi,2,0.9624,0.7908,0.912,0.7174
SUP_QA_0048,Superalloys,single,2,0.9372,0.9804,0.8741,0.9418
SUP_QA_0049,Superalloys,multi,2,0.8874,0.8769,0.8499,0.8201
SUP_QA_0050,Superalloys,single,2,0.9249,0.9611,0.907,0.9373
SUP_QA_0051,Superalloys,single,2,0.9099,0.9187,0.8729,0.9017
SUP_QA_0052,Superalloys,single,2,0.8618,0.7484,0.7852,0.6729
SUP_QA_0053,Superalloys,single,2,0.936,0.9094,0.8715,0.8397
SUP_QA_0054,Superalloys,multi,2,0.925,0.9651,0.8866,0.9114
SUP_QA_0055,Superalloys,single,2,0.8339,0.7775,0.7612,0.6769
SUP_QA_0056,Superalloys,single,2,0.9496,0.7998,0.9122,0.7792
SUP_QA_0057,Superalloys,single,2,0.8507,0.8539,0.7691,0.7956
SUP_QA_0058,Superalloys,single,2,0.9243,0.9004,0.8347,0.8794
SUP_QA_0059,Superalloys,single,2,0.963,0.9384,0.9339,0.8856
SUP_QA_0060,Superalloys,single,2,0.8199,0.6215,0.7792,0.5223
SUP_QA_0061,Superalloys,single,2,0.8724,0.7824,0.8012,0.7225
SUP_QA_0062,Superalloys,multi,2,0.6384,0.5191,0.5039,0.3808
SUP_QA_0063,Superalloys,single,2,0.995,0.9273,0.9604,0.9107
SUP_QA_0064,Superalloys,multi,2,0.995,0.9579,0.9629,0.9324
SUP_QA_0065,Superalloys,single,2,0.9709,0.995,0.9655,0.9654
SUP_QA_0066,Superalloys,single,2,0.995,0.9617,0.977,0.9221
SUP_QA_0067,Superalloys,multi,2,0.9361,0.6909,0.9051,0.6317
SUP_QA_0068,Superalloys,single,2,0.9944,0.9649,0.9793,0.9357
SUP_QA_0069,Superalloys,single,2,0.9116,0.7746,0.8732,0.7364
SUP_QA_0070,Superalloys,multi,2,0.7582,0.7124,0.6863,0.6393
SUP_QA_0071,Superalloys,single,2,0.9376,0.8417,0.9098,0.7714
SUP_QA_0072,Superalloys,multi,2,0.8934,0.7571,0.8503,0.7482
SUP_QA_0073,Superalloys,multi,2,0.6994,0.5903,0.5924,0.4872
SUP_QA_0074,Superalloys,multi,2,0.9333,0.9336,0.8986,0.9063
SUP_QA_0075,Superalloys,single,2,0.995,0.9548,0.9764,0.8826
SUP_QA_0076,Superalloys,single,2,0.8884,0.8116,0.8353,0.7261
SUP_QA_0077,Superalloys,multi,2,0.9746,0.9939,0.9602,0.9654
SUP_QA_0078,Superalloys,single,2,0.6441,0.7082,0.5183,0.6437
SUP_QA_0079,Superalloys,single,2,0.9703,0.9267,0.947,0.8737
SUP_QA_0080,Superalloys,multi,2,0.9217,0.9883,0.9091,0.9654
SUP_QA_0081,Superalloys,multi,2,0.8376,0.7576,0.7673,0.6821
SUP_QA_0082,Superalloys,multi,2,0.972,0.995,0.9501,0.9654
SUP_QA_0083,Superalloys,single,2,0.8373,0.5792,0.7438,0.4673
SUP_QA_0084,Superalloys,single,2,0.9891,0.916,0.9557,0.9084
SUP_QA_0085,Superalloys,single,2,0.9601,0.9719,0.9504,0.9597
SUP_QA_0086,Superalloys,single,2,0.995,0.9509,0.9773,0.9507
SUP_QA_0087,Superalloys,multi,2,0.9486,0.939,0.8971,0.9458
SUP_QA_0088,Superalloys,single,2,0.8585,0.7909,0.8321,0.7306
SUP_QA_0089,Superalloys,single,2,0.9866,0.8425,0.9857,0.8094
SUP_QA_0090,Superalloys,single,2,0.8132,0.9076,0.7466,0.8598
SUP_QA_0091,Superalloys,multi,2,0.9714,0.8132,0.9355,0.7608
SUP_QA_0092,Superalloys,single,2,0.7172,0.571,0.5967,0.4406
SUP_QA_0093,Superalloys,multi,2,0.974,0.9464,0.9196,0.9368
SUP_QA_0094,Superalloys,multi,2,0.9465,0.976,0.9369,0.9335
SUP_QA_0095,Superalloys,multi,2,0.995,0.6905,0.9902,0.5821
SUP_QA_0096,Superalloys,single,2,0.995,0.9511,0.9728,0.9112
SUP_QA_0097,Superalloys,multi,2,0.8863,0.692,0.8212,0.6405
SUP_QA_0098,Superalloys,single,2,0.6847,0.6327,0.589,0.5174
SUP_QA_0099,Superalloys,single,2,0.995,0.9834,0.9733,0.9654
SUP_QA_0100,Superalloys,multi,2,0.6508,0.6401,0.5103,0.5313
SUP_QA_0101,Superalloys,single,2,0.9817,0.9033,0.9156,0.8585
SUP_QA_0102,Superalloys,multi,2,0.8962,0.995,0.8454,0.9262
SUP_QA_0103,Superalloys,multi,2,0.9916,0.94,0.9708,0.8977
SUP_QA_0104,Superalloys,single,2,0.7672,0.8224,0.6844,0.7579
SUP_QA_0105,Superalloys,single,2,0.9896,0.9495,0.9906,0.9408
SUP_QA_0106,Superalloys,single,2,0.9218,0.8179,0.8774,0.7662
SUP_QA_0107,Superalloys,single,2,0.8853,0.7972,0.8274,0.7306
SUP_QA_0108,Superalloys,single,2,0.8999,0.8316,0.8478,0.799
SUP_QA_0109,Superalloys,single,2,0.8944,0.864,0.8654,0.8462
SUP_QA_0110,Superalloys,single,2,0.995,0.9741,0.995,0.9395
SUP_QA_0111,Superalloys,single,2,0.995,0.8484,0.9694,0.802
SUP_QA_0112,Superalloys,multi,2,0.9271,0.9485,0.8813,0.9106
SUP_QA_0113,Superalloys,single,2,0.8297,0.8417,0.7618,0.8027
SUP_QA_0114,Superalloys,single,2,0.6525,0.5909,0.518,0.4382
SUP_QA_0115,Superalloys,multi,2,0.875,0.8566,0.8377,0.8085
SUP_QA_0116,Superalloys,multi,2,0.9802,0.9563,0.9184,0.9077
SUP_QA_0117,Superalloys,multi,2,0.943,0.9509,0.883,0.908
SUP_QA_0118,Superalloys,single,2,0.943,0.7985,0.8759,0.7399
SUP_QA_0119,Superalloys,single,2,0.985,0.9195,0.9535,0.8648
SUP_QA_0120,Superalloys,single,2,0.7819,0.6563,0.6926,0.5542
SUP_QA_0121,Superalloys,single,2,0.6684,0.6733,0.5981,0.5703
SUP_QA_0122,Superalloys,single,2,0.9914,0.9585,0.9666,0.9197
SUP_QA_0123,Superalloys,single,2,0.9787,0.9469,0.9676,0.9545
SUP_QA_0124,Superalloys,single,2,0.6983,0.681,0.5801,0.6118
SUP_QA_0125,Superalloys,multi,2,0.8829,0.9288,0.8188,0.8964
SUP_QA_0126,Superalloys,multi,2,0.8755,0.694,0.7945,0.6095
SUP_QA_0127,Superalloys,single,2,0.995,0.896,0.9902,0.897
SUP_QA_0128,Superalloys,multi,2,0.9288,0.9024,0.9132,0.8586
SUP_QA_0129,Superalloys,multi,2,0.6243,0.788,0.6085,0.7028
SUP_QA_0130,Superalloys,multi,2,0.995,0.9484,0.9613,0.9246
SUP_QA_0131,Superalloys,single,2,0.995,0.9623,0.994,0.9418
SUP_QA_0132,Superalloys,multi,2,0.995,0.925,0.9751,0.9132
SEM_QA_0001,Semiconductors,single,2,0.8049,0.8433,0.7849,0.8122
SEM_QA_0002,Semiconductors,single,2,0.9896,0.9129,0.9584,0.8796
SEM_QA_0003,Semiconductors,single,2,0.8733,0.8831,0.7913,0.8341
SEM_QA_0004,Semiconductors,single,2,0.995,0.9575,0.9688,0.9153
SEM_QA_0005,Semiconductors,multi,2,0.9095,0.8639,0.834,0.8296
SEM_QA_0006,Semiconductors,multi,2,0.7451,0.75,0.6655,0.6876
SEM_QA_0007,Semiconductors,single,2,0.7871,0.8509,0.7257,0.7994
SEM_QA_0008,Semiconductors,single,2,0.6828,0.7863,0.6586,0.7277
SEM_QA_0009,Semiconductors,single,2,0.995,0.995,0.995,0.9654
SEM_QA_0010,Semiconductors,single,2,0.7644,0.6086,0.6621,0.5837
SEM_QA_0011,Semiconductors,single,2,0.6751,0.5087,0.5807,0.3725
SEM_QA_0012,Semiconductors,single,2,0.963,0.845,0.9547,0.8008
SEM_QA_0013,Semiconductors,multi,2,0.9925,0.9045,0.9761,0.8912
SEM_QA_0014,Semiconductors,single,2,0.9804,0.9454,0.9284,0.9329
SEM_QA_0015,Semiconductors,multi,2,0.9875,0.974,0.9611,0.956
SEM_QA_0016,Semiconductors,single,2,0.7703,0.6589,0.7012,0.5645
SEM_QA_0017,Semiconductors,single,2,0.8949,0.9524,0.8801,0.9144
SEM_QA_0018,Semiconductors,multi,2,0.8621,0.8696,0.8097,0.786
SEM_QA_0019,Semiconductors,single,2,0.9567,0.9925,0.9523,0.9428
SEM_QA_0020,Semiconductors,single,2,0.8127,0.8932,0.7385,0.8565
SEM_QA_0021,Semiconductors,single,2,0.9203,0.8784,0.8669,0.844
SEM_QA_0022,Semiconductors,single,2,0.9524,0.9553,0.9215,0.9491
SEM_QA_0023,Semiconductors,single,2,0.7848,0.7181,0.7043,0.6618
SEM_QA_0024,Semiconductors,multi,2,0.6009,0.6278,0.4954,0.5233
SEM_QA_0025,Semiconductors,single,2,0.8659,0.907,0.8371,0.8719
SEM_QA_0026,Semiconductors,single,2,0.9165,0.9209,0.9038,0.8679
SEM_QA_0027,Semiconductors,single,2,0.995,0.9593,0.9793,0.9488
SEM_QA_0028,Semiconductors,multi,2,0.9726,0.9112,0.9487,0.8636
SEM_QA_0029,Semiconductors,single,2,0.8502,0.8453,0.8103,0.8052
SEM_QA_0030,Semiconductors,single,2,0.805,0.7887,0.7537,0.7139
SEM_QA_0031,Semiconductors,multi,2,0.9569,0.995,0.9445,0.9654
SEM_QA_0032,Semiconductors,single,2,0.9613,0.8987,0.9177,0.8152
SEM_QA_0033,Semiconductors,multi,2,0.7591,0.7154,0.6569,0.6405
SEM_QA_0034,Semiconductors,multi,2,0.8513,0.934,0.8124,0.8705
SEM_QA_0035,Semiconductors,single,2,0.9941,0.9623,0.9565,0.9155
SEM_QA_0036,Semiconductors,single,2,0.995,0.9502,0.96,0.9124
SEM_QA_0037,Semiconductors,multi,2,0.9196,0.9401,0.9178,0.8979
SEM_QA_0038,Semiconductors,single,2,0.7562,0.5423,0.6576,0.4023
SEM_QA_0039,Semiconductors,multi,2,0.7008,0.6487,0.6121,0.6266
SEM_QA_0040,Semiconductors,multi,2,0.9634,0.9036,0.9143,0.8799
SEM_QA_0041,Semiconductors,single,2,0.8725,0.8527,0.8511,0.7792
SEM_QA_0042,Semiconductors,multi,2,0.995,0.9483,0.9655,0.9101
SEM_QA_0043,Semiconductors,multi,2,0.841,0.8898,0.7703,0.8477
SEM_QA_0044,Semiconductors,multi,2,0.7278,0.7023,0.6309,0.6947
SEM_QA_0045,Semiconductors,single,2,0.8771,0.8408,0.8315,0.7954
SEM_QA_0046,Semiconductors,single,2,0.8729,0.7404,0.8,0.711
SEM_QA_0047,Semiconductors,single,2,0.9729,0.8974,0.9577,0.8909
SEM_QA_0048,Semiconductors,multi,2,0.8637,0.8752,0.7944,0.8683
SEM_QA_0049,Semiconductors,multi,2,0.6119,0.6524,0.4897,0.5533
SEM_QA_0050,Semiconductors,single,2,0.7921,0.8701,0.7365,0.8183
SEM_QA_0051,Semiconductors,single,2,0.9213,0.8833,0.88,0.854
SEM_QA_0052,Semiconductors,single,2,0.995,0.927,0.995,0.9016
SEM_QA_0053,Semiconductors,single,2,0.7129,0.783,0.5832,0.6953
SEM_QA_0054,Semiconductors,single,2,0.8151,0.5614,0.7472,0.4776
SEM_QA_0055,Semiconductors,multi,2,0.5817,0.6013,0.5669,0.4919
SEM_QA_0056,Semiconductors,multi,2,0.897,0.8824,0.8465,0.8545
SEM_QA_0057,Semiconductors,multi,2,0.843,0.7721,0.7734,0.7043
SEM_QA_0058,Semiconductors,multi,2,0.9683,0.906,0.9431,0.8971
SEM_QA_0059,Semiconductors,single,2,0.8077,0.7021,0.7418,0.6574
SEM_QA_0060,Semiconductors,single,2,0.8717,0.6352,0.7761,0.5644
SEM_QA_0061,Semiconductors,single,2,0.856,0.952,0.8233,0.9242
SEM_QA_0062,Semiconductors,single,2,0.9595,0.9581,0.9326,0.9397
SEM_QA_0063,Semiconductors,multi,2,0.9354,0.9597,0.9116,0.9354
SEM_QA_0064,Semiconductors,multi,2,0.8469,0.867,0.7743,0.8199
SEM_QA_0065,Semiconductors,single,2,0.7552,0.7331,0.6387,0.6495
SEM_QA_0066,Semiconductors,multi,2,0.8728,0.8781,0.7817,0.8516
SEM_QA_0067,Semiconductors,single,2,0.995,0.9613,0.9833,0.893
SEM_QA_0068,Semiconductors,multi,2,0.995,0.9569,0.995,0.9442
SEM_QA_0069,Semiconductors,multi,2,0.8476,0.8609,0.8096,0.789
SEM_QA_0070,Semiconductors,single,2,0.995,0.995,0.9647,0.9654
SEM_QA_0071,Semiconductors,single,2,0.9068,0.9503,0.863,0.9567
SEM_QA_0072,Semiconductors,single,2,0.9228,0.9056,0.8959,0.8852
SEM_QA_0073,Semiconductors,single,2,0.995,0.9491,0.995,0.9086
SEM_QA_0074,Semiconductors,single,2,0.9351,0.9441,0.8961,0.9332
SEM_QA_0075,Semiconductors,single,2,0.833,0.8982,0.7615,0.8319
SEM_QA_0076,Semiconductors,multi,2,0.7805,0.8014,0.687,0.7253
SEM_QA_0077,Semiconductors,single,2,0.995,0.8687,0.9506,0.8352
SEM_QA_0078,Semiconductors,single,2,0.995,0.9497,0.9579,0.9232
SEM_QA_0079,Semiconductors,multi,2,0.9819,0.9453,0.9424,0.8913
SEM_QA_0080,Semiconductors,single,2,0.9001,0.8945,0.8604,0.8516
SEM_QA_0081,Semiconductors,single,2,0.995,0.8714,0.9633,0.8526
SEM_QA_0082,Semiconductors,single,2,0.995,0.9805,0.9722,0.9572
SEM_QA_0083,Semiconductors,single,2,0.7334,0.6452,0.6978,0.5517
SEM_QA_0084,Semiconductors,multi,2,0.9344,0.7791,0.8934,0.7153
SEM_QA_0085,Semiconductors,single,2,0.995,0.9736,0.995,0.9653
SEM_QA_0086,Semiconductors,multi,2,0.7791,0.7596,0.6833,0.7021
SEM_QA_0087,Semiconductors,multi,2,0.8569,0.8523,0.8127,0.7965
SEM_QA_0088,Semiconductors,single,2,0.8463,0.9283,0.778,0.8758
SEM_QA_0089,Semiconductors,single,2,0.9614,0.9593,0.9211,0.9155
SEM_QA_0090,Semiconductors,single,2,0.9208,0.9615,0.8707,0.9432
SEM_QA_0091,Semiconductors,single,2,0.7012,0.6081,0.5968,0.5098
SEM_QA_0092,Semiconductors,single,2,0.8152,0.8095,0.7384,0.7615
SEM_QA_0093,Semiconductors,single,2,0.995,0.9236,0.978,0.9014
SEM_QA_0094,Semiconductors,single,2,0.995,0.9376,0.995,0.9167
SEM_QA_0095,Semiconductors,multi,2,0.7535,0.7601,0.6476,0.6906
SEM_QA_0096,Semiconductors,multi,2,0.995,0.9689,0.9721,0.9253
SEM_QA_0097,Semiconductors,single,2,0.995,0.965,0.9913,0.9368
SEM_QA_0098,Semiconductors,single,2,0.9687,0.9676,0.948,0.9465
SEM_QA_0099,Semiconductors,single,2,0.995,0.9877,0.9828,0.9654
SEM_QA_0100,Semiconductors,multi,2,0.972,0.8999,0.9541,0.8868
SEM_QA_0101,Semiconductors,single,2,0.8624,0.9363,0.8042,0.9475
SEM_QA_0102,Semiconductors,single,2,0.995,0.9015,0.9482,0.8588
SEM_QA_0103,Semiconductors,multi,2,0.9833,0.972,0.9765,0.9409
SEM_QA_0104,Semiconductors,single,2,0.8799,0.7335,0.7786,0.6325
SEM_QA_0105,Semiconductors,multi,2,0.8076,0.8186,0.7053,0.7571
SEM_QA_0106,Semiconductors,multi,2,0.995,0.9647,0.9797,0.9538
SEM_QA_0107,Semiconductors,single,2,0.9896,0.9927,0.9718,0.9654
SEM_QA_0108,Semiconductors,multi,2,0.7232,0.9482,0.6377,0.8916
SEM_QA_0109,Semiconductors,single,2,0.995,0.9341,0.9887,0.9016
SEM_QA_0110,Semiconductors,multi,2,0.6325,0.7837,0.4972,0.7159
SEM_QA_0111,Semiconductors,single,2,0.9658,0.9662,0.9392,0.9453
SEM_QA_0112,Semiconductors,single,2,0.9296,0.9717,0.8818,0.9376
SEM_QA_0113,Semiconductors,single,2,0.7984,0.8206,0.7795,0.7497
SEM_QA_0114,Semiconductors,single,2,0.947,0.9386,0.8834,0.9368
SEM_QA_0115,Semiconductors,multi,2,0.9,0.7699,0.8557,0.7142
SEM_QA_0116,Semiconductors,single,2,0.995,0.9692,0.9932,0.9322
SEM_QA_0117,Semiconductors,multi,2,0.9628,0.96,0.9483,0.9113
SEM_QA_0118,Semiconductors,single,2,0.9284,0.994,0.9019,0.9391
SEM_QA_0119,Semiconductors,single,2,0.995,0.9435,0.9799,0.9143
SEM_QA_0120,Semiconductors,single,2,0.8357,0.8957,0.7489,0.8203
SEM_QA_0121,Semiconductors,single,2,0.6172,0.6635,0.4873,0.5482
SEM_QA_0122,Semiconductors,single,2,0.995,0.9774,0.958,0.9432
SEM_QA_0123,Semiconductors,single,2,0.9443,0.9834,0.8883,0.9555
SEM_QA_0124,Semiconductors,single,2,0.995,0.9435,0.9644,0.9226
SEM_QA_0125,Semiconductors,single,2,0.995,0.937,0.9672,0.9311
SEM_QA_0126,Semiconductors,multi,2,0.8854,0.9239,0.7966,0.8836
BAT_QA_0001,Batteries,single,2,0.8484,0.7669,0.7908,0.6839
BAT_QA_0002,Batteries,single,2,0.995,0.9425,0.9612,0.9024
BAT_QA_0003,Batteries,multi,2,0.9662,0.9261,0.873,0.8796
BAT_QA_0004,Batteries,single,2,0.8287,0.9314,0.7581,0.8871
BAT_QA_0005,Batteries,single,2,0.995,0.9867,0.995,0.9654
BAT_QA_0006,Batteries,single,2,0.9802,0.9815,0.9545,0.9404
BAT_QA_0007,Batteries,multi,2,0.995,0.8786,0.976,0.8425
BAT_QA_0008,Batteries,single,2,0.995,0.9455,0.9724,0.9115
BAT_QA_0009,Batteries,single,2,0.903,0.9847,0.8553,0.9468
BAT_QA_0010,Batteries,single,2,0.995,0.9684,0.9843,0.9455
BAT_QA_0011,Batteries,single,2,0.9902,0.8704,0.9307,0.8433
BAT_QA_0012,Batteries,single,2,0.8404,0.7998,0.7575,0.7821
BAT_QA_0013,Batteries,single,2,0.9792,0.9454,0.9695,0.9478
BAT_QA_0014,Batteries,multi,2,0.9787,0.8337,0.936,0.7743
BAT_QA_0015,Batteries,multi,2,0.9937,0.9331,0.968,0.9051
BAT_QA_0016,Batteries,single,2,0.744,0.6105,0.6559,0.5832
BAT_QA_0017,Batteries,multi,2,0.7235,0.9131,0.6052,0.8347
BAT_QA_0018,Batteries,single,2,0.6573,0.6758,0.555,0.5408
BAT_QA_0019,Batteries,single,2,0.995,0.8761,0.9659,0.8602
BAT_QA_0020,Batteries,single,2,0.51,0.452,0.3501,0.3045
BAT_QA_0021,Batteries,single,2,0.735,0.6521,0.6342,0.5441
BAT_QA_0022,Batteries,multi,2,0.683,0.7675,0.5342,0.6871
BAT_QA_0023,Batteries,single,2,0.9824,0.9167,0.9633,0.8986
BAT_QA_0024,Batteries,single,2,0.8443,0.963,0.7941,0.9296
BAT_QA_0025,Batteries,single,2,0.995,0.9834,0.9486,0.961
BAT_QA_0026,Batteries,multi,2,0.7381,0.7434,0.6634,0.6895
BAT_QA_0027,Batteries,single,2,0.9416,0.9461,0.9356,0.9411
BAT_QA_0028,Batteries,single,2,0.9624,0.9284,0.9396,0.9196
BAT_QA_0029,Batteries,single,2,0.995,0.9445,0.9765,0.9192
BAT_QA_0030,Batteries,single,2,0.995,0.9853,0.9919,0.9422
BAT_QA_0031,Batteries,multi,2,0.9936,0.9337,0.9572,0.9142
BAT_QA_0032,Batteries,multi,2,0.995,0.8934,0.9318,0.859
BAT_QA_0033,Batteries,single,2,0.995,0.975,0.9699,0.9272
BAT_QA_0034,Batteries,single,2,0.9043,0.9464,0.9013,0.9172
BAT_QA_0035,Batteries,multi,2,0.9675,0.9689,0.927,0.9605
BAT_QA_0036,Batteries,single,2,0.995,0.994,0.9572,0.9653
BAT_QA_0037,Batteries,multi,2,0.8403,0.739,0.7444,0.6885
BAT_QA_0038,Batteries,single,2,0.9834,0.8545,0.9402,0.8352
BAT_QA_0039,Batteries,multi,2,0.8079,0.7159,0.6836,0.6999
BAT_QA_0040,Batteries,single,2,0.995,0.995,0.9888,0.9654
BAT_QA_0041,Batteries,single,2,0.7939,0.7157,0.7485,0.6125
BAT_QA_0042,Batteries,multi,2,0.8732,0.9129,0.7731,0.8733
BAT_QA_0043,Batteries,single,2,0.9119,0.9369,0.8637,0.9186
BAT_QA_0044,Batteries,single,2,0.9196,0.9056,0.8845,0.8948
BAT_QA_0045,Batteries,multi,2,0.9559,0.9445,0.9289,0.9211
BAT_QA_0046,Batteries,multi,2,0.7994,0.7261,0.7033,0.6452
BAT_QA_0047,Batteries,single,2,0.8792,0.9103,0.8576,0.8769
BAT_QA_0048,Batteries,single,2,0.9757,0.9005,0.9323,0.8837
BAT_QA_0049,Batteries,single,2,0.8658,0.8695,0.8354,0.8177
BAT_QA_0050,Batteries,single,2,0.8023,0.7341,0.7873,0.6634
BAT_QA_0051,Batteries,single,2,0.8212,0.7073,0.7246,0.6018
BAT_QA_0052,Batteries,single,2,0.8003,0.7362,0.7668,0.6632
BAT_QA_0053,Batteries,single,2,0.7203,0.8608,0.6925,0.8154
BAT_QA_0054,Batteries,single,2,0.995,0.9738,0.9871,0.9654
BAT_QA_0055,Batteries,single,2,0.8006,0.7622,0.7316,0.6786
BAT_QA_0056,Batteries,single,2,0.9829,0.9195,0.9394,0.865
BAT_QA_0057,Batteries,multi,2,0.9089,0.9586,0.8814,0.9059
BAT_QA_0058,Batteries,single,2,0.995,0.9325,0.935,0.9304
BAT_QA_0059,Batteries,single,2,0.995,0.8755,0.9536,0.8411
BAT_QA_0060,Batteries,multi,2,0.807,0.7199,0.726,0.6093
BAT_QA_0061,Batteries,single,2,0.8449,0.7285,0.7447,0.6151
BAT_QA_0062,Batteries,multi,2,0.7226,0.5824,0.6426,0.4784
BAT_QA_0063,Batteries,single,2,0.9335,0.9011,0.9403,0.8576
BAT_QA_0064,Batteries,single,2,0.9728,0.9404,0.9303,0.9316
BAT_QA_0065,Batteries,single,2,0.9916,0.9257,0.9853,0.924
BAT_QA_0066,Batteries,single,2,0.8119,0.7203,0.7072,0.6552
BAT_QA_0067,Batteries,single,2,0.8373,0.8241,0.7669,0.7741
BAT_QA_0068,Batteries,multi,2,0.9743,0.9308,0.9354,0.8963
BAT_QA_0069,Batteries,single,2,0.7013,0.6422,0.5983,0.5301
BAT_QA_0070,Batteries,multi,2,0.995,0.8528,0.9476,0.8292
BAT_QA_0071,Batteries,single,2,0.9347,0.8579,0.9305,0.8147
BAT_QA_0072,Batteries,multi,2,0.995,0.9048,0.9511,0.8933
BAT_QA_0073,Batteries,single,2,0.995,0.9695,0.995,0.9654
BAT_QA_0074,Batteries,multi,2,0.7439,0.6237,0.6432,0.5159
BAT_QA_0075,Batteries,single,2,0.9566,0.9572,0.901,0.95
BAT_QA_0076,Batteries,multi,2,0.7409,0.7834,0.6714,0.711
BAT_QA_0077,Batteries,single,2,0.995,0.9404,0.995,0.9212
BAT_QA_0078,Batteries,single,2,0.891,0.8724,0.8237,0.8289
BAT_QA_0079,Batteries,multi,2,0.8952,0.8196,0.8325,0.7498
BAT_QA_0080,Batteries,single,2,0.995,0.917,0.9867,0.9189
BAT_QA_0081,Batteries,single,2,0.9606,0.8498,0.9295,0.7978
BAT_QA_0082,Batteries,multi,2,0.9278,0.9041,0.8893,0.8741
BAT_QA_0083,Batteries,single,2,0.6404,0.7119,0.5227,0.6797
BAT_QA_0084,Batteries,single,2,0.8919,0.9001,0.8365,0.8716
BAT_QA_0085,Batteries,multi,2,0.7652,0.6255,0.6642,0.5627
BAT_QA_0086,Batteries,multi,2,0.8883,0.9374,0.8577,0.9222
BAT_QA_0087,Batteries,single,2,0.995,0.9947,0.9737,0.9483
BAT_QA_0088,Batteries,single,2,0.8497,0.7757,0.7935,0.6992
BAT_QA_0089,Batteries,single,2,0.9666,0.9773,0.951,0.9623
BAT_QA_0090,Batteries,single,2,0.9465,0.8359,0.8957,0.7748
BAT_QA_0091,Batteries,single,2,0.995,0.9235,0.97,0.8957
BAT_QA_0092,Batteries,single,2,0.7007,0.8531,0.6681,0.7549
BAT_QA_0093,Batteries,single,2,0.8629,0.8203,0.8041,0.7518
BAT_QA_0094,Batteries,single,2,0.7759,0.6957,0.6675,0.5884
BAT_QA_0095,Batteries,single,2,0.995,0.9824,0.995,0.9654
BAT_QA_0096,Batteries,single,2,0.995,0.92,0.995,0.9056
BAT_QA_0097,Batteries,multi,2,0.7777,0.6289,0.6618,0.5144
BAT_QA_0098,Batteries,multi,2,0.806,0.7119,0.727,0.6532
BAT_QA_0099,Batteries,single,2,0.8247,0.8018,0.7601,0.7465
BAT_QA_0100,Batteries,multi,2,0.9946,0.8571,0.9538,0.8247
BAT_QA_0101,Batteries,single,2,0.9002,0.8747,0.8572,0.8523
BAT_QA_0102,Batteries,multi,2,0.9367,0.7694,0.8848,0.7499
BAT_QA_0103,Batteries,single,2,0.9366,0.9365,0.9003,0.9224
BAT_QA_0104,Batteries,multi,2,0.7826,0.8408,0.7175,0.7796
BAT_QA_0105,Batteries,single,2,0.8895,0.7275,0.8342,0.7157
BAT_QA_0106,Batteries,multi,2,0.9134,0.839,0.866,0.7804
BAT_QA_0107,Batteries,multi,2,0.844,0.7814,0.767,0.7233
BAT_QA_0108,Batteries,single,2,0.8709,0.9512,0.8427,0.916
BAT_QA_0109,Batteries,single,2,0.8217,0.8033,0.7567,0.7123
BAT_QA_0110,Batteries,single,2,0.9,0.8257,0.841,0.7526
BAT_QA_0111,Batteries,multi,2,0.995,0.925,0.9388,0.9009
BAT_QA_0112,Batteries,single,2,0.9749,0.9767,0.975,0.9609
BAT_QA_0113,Batteries,multi,2,0.9518,0.863,0.9038,0.7955
BAT_QA_0114,Batteries,multi,2,0.8572,0.7357,0.7934,0.6644
BAT_QA_0115,Batteries,multi,2,0.995,0.9476,0.995,0.9122
BAT_QA_0116,Batteries,single,2,0.963,0.9825,0.9388,0.9322
BAT_QA_0117,Batteries,multi,2,0.6503,0.7654,0.5294,0.681
BAT_QA_0118,Batteries,single,2,0.9035,0.832,0.8435,0.7581
BAT_QA_0119,Batteries,single,2,0.6738,0.6818,0.5847,0.5794
BAT_QA_0120,Batteries,single,2,0.9017,0.8532,0.8501,0.8238
BAT_QA_0121,Batteries,single,2,0.9023,0.8245,0.8331,0.7752
BAT_QA_0122,Batteries,single,2,0.9573,0.9646,0.8927,0.9295
BAT_QA_0123,Batteries,single,2,0.995,0.9554,0.9664,0.9451
BAT_QA_0124,Batteries,single,2,0.7609,0.7376,0.6688,0.6834
SUP_QA_0001,Superalloys,single,3,0.8495,0.8187,0.7979,0.7635
SUP_QA_0002,Superalloys,multi,3,0.9388,0.9862,0.9232,0.9758
SUP_QA_0003,Superalloys,multi,3,0.7503,0.712,0.6481,0.6418
SUP_QA_0004,Superalloys,multi,3,0.6367,0.8213,0.6067,0.7616
SUP_QA_0005,Superalloys,single,3,0.6783,0.676,0.5737,0.5883
SUP_QA_0006,Superalloys,single,3,0.9713,0.9893,0.9328,0.995
SUP_QA_0007,Superalloys,single,3,0.995,0.995,0.9572,0.9821
SUP_QA_0008,Superalloys,single,3,0.995,0.9307,0.9656,0.9116
SUP_QA_0009,Superalloys,single,3,0.9888,0.9809,0.9336,0.9515
SUP_QA_0010,Superalloys,single,3,0.9613,0.9115,0.8921,0.8549
SUP_QA_0011,Superalloys,single,3,0.9585,0.789,0.8792,0.7317
SUP_QA_0012,Superalloys,single,3,0.8624,0.8097,0.7973,0.7525
SUP_QA_0013,Superalloys,multi,3,0.879,0.7683,0.8067,0.7184
SUP_QA_0014,Superalloys,single,3,0.8833,0.8824,0.84,0.7838
SUP_QA_0015,Superalloys,single,3,0.929,0.9394,0.9002,0.9088
SUP_QA_0016,Superalloys,single,3,0.907,0.8224,0.8455,0.7659
SUP_QA_0017,Superalloys,single,3,0.9474,0.995,0.9594,0.995
SUP_QA_0018,Superalloys,single,3,0.9932,0.995,0.9377,0.995
SUP_QA_0019,Superalloys,single,3,0.9805,0.9518,0.9448,0.9526
SUP_QA_0020,Superalloys,single,3,0.9774,0.9854,0.9515,0.9691
SUP_QA_0021,Superalloys,multi,3,0.9838,0.9854,0.9418,0.9394
SUP_QA_0022,Superalloys,single,3,0.8427,0.8099,0.7869,0.7318
SUP_QA_0023,Superalloys,single,3,0.995,0.995,0.9555,0.9933
SUP_QA_0024,Superalloys,single,3,0.8604,0.8459,0.7807,0.7713
SUP_QA_0025,Superalloys,single,3,0.906,0.9035,0.8402,0.8932
SUP_QA_0026,Superalloys,single,3,0.8913,0.975,0.8287,0.9536
SUP_QA_0027,Superalloys,multi,3,0.6796,0.7271,0.5893,0.6066
SUP_QA_0028,Superalloys,multi,3,0.9434,0.9909,0.8992,0.9664
SUP_QA_0029,Superalloys,single,3,0.9064,0.8114,0.8184,0.7632
SUP_QA_0030,Superalloys,multi,3,0.7906,0.7601,0.7154,0.6708
SUP_QA_0031,Superalloys,single,3,0.9447,0.9935,0.9243,0.9757
SUP_QA_0032,Superalloys,single,3,0.8146,0.8483,0.765,0.7485
SUP_QA_0033,Superalloys,single,3,0.8096,0.7772,0.7698,0.7085
SUP_QA_0034,Superalloys,multi,3,0.995,0.9754,0.9742,0.9617
SUP_QA_0035,Superalloys,single,3,0.995,0.9784,0.9498,0.946
SUP_QA_0036,Superalloys,single,3,0.9893,0.995,0.9514,0.995
SUP_QA_0037,Superalloys,single,3,0.9762,0.995,0.9039,0.9699
SUP_QA_0038,Superalloys,single,3,0.9444,0.995,0.9477,0.995
SUP_QA_0039,Superalloys,single,3,0.9607,0.7924,0.9359,0.7445
SUP_QA_0040,Superalloys,multi,3,0.9466,0.995,0.9147,0.9702
SUP_QA_0041,Superalloys,single,3,0.9681,0.995,0.9265,0.995
SUP_QA_0042,Superalloys,single,3,0.9719,0.8912,0.9252,0.8435
SUP_QA_0043,Superalloys,single,3,0.8653,0.7987,0.7675,0.7348
SUP_QA_0044,Superalloys,multi,3,0.995,0.885,0.9742,0.8306
SUP_QA_0045,Superalloys,single,3,0.7688,0.714,0.6661,0.6353
SUP_QA_0046,Superalloys,single,3,0.6789,0.6758,0.5525,0.5669
SUP_QA_0047,Superalloys,multi,3,0.9655,0.7996,0.9363,0.7221
SUP_QA_0048,Superalloys,single,3,0.971,0.9163,0.9094,0.8969
SUP_QA_0049,Superalloys,multi,3,0.8887,0.7959,0.8181,0.7493
SUP_QA_0050,Superalloys,single,3,0.9873,0.9162,0.9366,0.8802
SUP_QA_0051,Superalloys,single,3,0.88,0.9617,0.8161,0.9328
SUP_QA_0052,Superalloys,single,3,0.8463,0.8096,0.7921,0.7398
SUP_QA_0053,Superalloys,single,3,0.895,0.8562,0.8608,0.8431
SUP_QA_0054,Superalloys,multi,3,0.9936,0.9134,0.9742,0.8594
SUP_QA_0055,Superalloys,single,3,0.8424,0.7945,0.7629,0.7277
SUP_QA_0056,Superalloys,single,3,0.8834,0.995,0.7974,0.9428
SUP_QA_0057,Superalloys,single,3,0.8576,0.8623,0.7886,0.8202
SUP_QA_0058,Superalloys,single,3,0.9264,0.8722,0.817,0.821
SUP_QA_0059,Superalloys,single,3,0.98,0.9945,0.9256,0.9581
SUP_QA_0060,Superalloys,single,3,0.7884,0.5928,0.7028,0.502
SUP_QA_0061,Superalloys,single,3,0.8227,0.8101,0.7764,0.7571
SUP_QA_0062,Superalloys,multi,3,0.5336,0.5536,0.4017,0.436
SUP_QA_0063,Superalloys,single,3,0.9417,0.995,0.8947,0.9926
SUP_QA_0064,Superalloys,multi,3,0.9925,0.9887,0.9742,0.9816
SUP_QA_0065,Superalloys,single,3,0.993,0.995,0.9484,0.995
SUP_QA_0066,Superalloys,single,3,0.9749,0.9317,0.9353,0.8806
SUP_QA_0067,Superalloys,multi,3,0.9508,0.7713,0.9008,0.6981
SUP_QA_0068,Superalloys,single,3,0.9276,0.9854,0.8968,0.9674
SUP_QA_0069,Superalloys,single,3,0.9134,0.7914,0.8186,0.7716
SUP_QA_0070,Superalloys,multi,3,0.7602,0.6561,0.671,0.5992
SUP_QA_0071,Superalloys,single,3,0.8936,0.8479,0.8522,0.7614
SUP_QA_0072,Superalloys,multi,3,0.9627,0.8196,0.8912,0.713
SUP_QA_0073,Superalloys,multi,3,0.6862,0.6119,0.5542,0.5083
SUP_QA_0074,Superalloys,multi,3,0.9116,0.9696,0.8638,0.9567
SUP_QA_0075,Superalloys,single,3,0.9926,0.9461,0.9679,0.9093
SUP_QA_0076,Superalloys,single,3,0.8782,0.909,0.7978,0.8633
SUP_QA_0077,Superalloys,multi,3,0.9628,0.995,0.907,0.9787
SUP_QA_0078,Superalloys,single,3,0.6998,0.6103,0.5747,0.4782
SUP_QA_0079,Superalloys,single,3,0.9673,0.9573,0.8998,0.9092
SUP_QA_0080,Superalloys,multi,3,0.9361,0.9712,0.8809,0.937
SUP_QA_0081,Superalloys,multi,3,0.7925,0.7382,0.721,0.673
SUP_QA_0082,Superalloys,multi,3,0.995,0.9798,0.9725,0.9838
SUP_QA_0083,Superalloys,single,3,0.7706,0.6035,0.6511,0.4958
SUP_QA_0084,Superalloys,single,3,0.9846,0.995,0.9435,0.995
SUP_QA_0085,Superalloys,single,3,0.9283,0.995,0.9141,0.9696
SUP_QA_0086,Superalloys,single,3,0.9488,0.995,0.9395,0.9886
SUP_QA_0087,Superalloys,multi,3,0.9541,0.995,0.8785,0.995
SUP_QA_0088,Superalloys,single,3,0.7981,0.8313,0.7647,0.783
SUP_QA_0089,Superalloys,single,3,0.9385,0.8843,0.8994,0.8336
SUP_QA_0090,Superalloys,single,3,0.8081,0.8334,0.7149,0.7895
SUP_QA_0091,Superalloys,multi,3,0.9501,0.8647,0.8932,0.7977
SUP_QA_0092,Superalloys,single,3,0.6556,0.535,0.5217,0.3829
SUP_QA_0093,Superalloys,multi,3,0.9097,0.9823,0.8673,0.9648
SUP_QA_0094,Superalloys,multi,3,0.9619,0.995,0.8985,0.9838
SUP_QA_0095,Superalloys,multi,3,0.9105,0.7753,0.8637,0.7024
SUP_QA_0096,Superalloys,single,3,0.9676,0.995,0.9469,0.995
SUP_QA_0097,Superalloys,multi,3,0.8668,0.8369,0.8237,0.7813
SUP_QA_0098,Superalloys,single,3,0.6357,0.5808,0.5315,0.4698
SUP_QA_0099,Superalloys,single,3,0.9586,0.9547,0.9394,0.9351
SUP_QA_0100,Superalloys,multi,3,0.6023,0.606,0.4416,0.4484
SUP_QA_0101,Superalloys,single,3,0.8402,0.88,0.7927,0.8393
SUP_QA_0102,Superalloys,multi,3,0.9844,0.9795,0.9212,0.9217
SUP_QA_0103,Superalloys,multi,3,0.9283,0.9834,0.913,0.9633
SUP_QA_0104,Superalloys,single,3,0.6208,0.8381,0.6048,0.7828
SUP_QA_0105,Superalloys,single,3,0.9946,0.995,0.9681,0.995
SUP_QA_0106,Superalloys,single,3,0.9457,0.8487,0.885,0.785
SUP_QA_0107,Superalloys,single,3,0.8408,0.7948,0.762,0.721
SUP_QA_0108,Superalloys,single,3,0.9405,0.8901,0.8881,0.8329
SUP_QA_0109,Superalloys,single,3,0.8584,0.9048,0.7829,0.8617
SUP_QA_0110,Superalloys,single,3,0.9816,0.995,0.8994,0.9773
SUP_QA_0111,Superalloys,single,3,0.9161,0.8956,0.8709,0.8469
SUP_QA_0112,Superalloys,multi,3,0.9412,0.9501,0.9043,0.9153
SUP_QA_0113,Superalloys,single,3,0.8318,0.8281,0.7702,0.765
SUP_QA_0114,Superalloys,single,3,0.6813,0.5581,0.559,0.3953
SUP_QA_0115,Superalloys,multi,3,0.8683,0.9782,0.8224,0.91
SUP_QA_0116,Superalloys,multi,3,0.9166,0.8939,0.8786,0.8627
SUP_QA_0117,Superalloys,multi,3,0.92,0.995,0.8608,0.9847
SUP_QA_0118,Superalloys,single,3,0.9328,0.8685,0.8819,0.7944
SUP_QA_0119,Superalloys,single,3,0.9724,0.9514,0.9291,0.9213
SUP_QA_0120,Superalloys,single,3,0.7712,0.6842,0.6971,0.566
SUP_QA_0121,Superalloys,single,3,0.7361,0.6483,0.6359,0.5602
SUP_QA_0122,Superalloys,single,3,0.9602,0.972,0.9426,0.9914
SUP_QA_0123,Superalloys,single,3,0.9395,0.995,0.9254,0.995
SUP_QA_0124,Superalloys,single,3,0.6161,0.6967,0.5914,0.5753
SUP_QA_0125,Superalloys,multi,3,0.824,0.9599,0.7688,0.9419
SUP_QA_0126,Superalloys,multi,3,0.6199,0.8071,0.5872,0.7335
SUP_QA_0127,Superalloys,single,3,0.9702,0.995,0.9303,0.995
SUP_QA_0128,Superalloys,multi,3,0.9012,0.943,0.8655,0.9122
SUP_QA_0129,Superalloys,multi,3,0.7047,0.8435,0.5881,0.762
SUP_QA_0130,Superalloys,multi,3,0.9393,0.9493,0.9283,0.9473
SUP_QA_0131,Superalloys,single,3,0.9618,0.9227,0.9371,0.8797
SUP_QA_0132,Superalloys,multi,3,0.9604,0.9918,0.9448,0.9855
SEM_QA_0001,Semiconductors,single,3,0.7791,0.8833,0.7098,0.8213
SEM_QA_0002,Semiconductors,single,3,0.9691,0.8727,0.9343,0.8416
SEM_QA_0003,Semiconductors,single,3,0.8471,0.8557,0.7886,0.801
SEM_QA_0004,Semiconductors,single,3,0.9784,0.995,0.9479,0.9804
SEM_QA_0005,Semiconductors,multi,3,0.9117,0.8551,0.8651,0.7922
SEM_QA_0006,Semiconductors,multi,3,0.7539,0.9358,0.659,0.907
SEM_QA_0007,Semiconductors,single,3,0.7986,0.8704,0.7463,0.797
SEM_QA_0008,Semiconductors,single,3,0.8347,0.8934,0.769,0.8697
SEM_QA_0009,Semiconductors,single,3,0.9801,0.9847,0.9488,0.9562
SEM_QA_0010,Semiconductors,single,3,0.7628,0.7205,0.6663,0.6279
SEM_QA_0011,Semiconductors,single,3,0.5244,0.4442,0.3689,0.2955
SEM_QA_0012,Semiconductors,single,3,0.9764,0.8878,0.9397,0.8509
SEM_QA_0013,Semiconductors,multi,3,0.9578,0.975,0.8991,0.9459
SEM_QA_0014,Semiconductors,single,3,0.8698,0.9873,0.8507,0.958
SEM_QA_0015,Semiconductors,multi,3,0.9559,0.995,0.9032,0.995
SEM_QA_0016,Semiconductors,single,3,0.7743,0.7031,0.6991,0.6395
SEM_QA_0017,Semiconductors,single,3,0.9079,0.9358,0.854,0.9252
SEM_QA_0018,Semiconductors,multi,3,0.984,0.82,0.9469,0.7874
SEM_QA_0019,Semiconductors,single,3,0.995,0.9927,0.9742,0.9725
SEM_QA_0020,Semiconductors,single,3,0.8047,0.9713,0.719,0.9369
SEM_QA_0021,Semiconductors,single,3,0.9071,0.9226,0.8458,0.8955
SEM_QA_0022,Semiconductors,single,3,0.9395,0.9753,0.9067,0.9287
SEM_QA_0023,Semiconductors,single,3,0.8049,0.6657,0.6936,0.5856
SEM_QA_0024,Semiconductors,multi,3,0.6089,0.7031,0.4915,0.6164
SEM_QA_0025,Semiconductors,single,3,0.8786,0.9483,0.828,0.9405
SEM_QA_0026,Semiconductors,single,3,0.8937,0.9077,0.8746,0.8899
SEM_QA_0027,Semiconductors,single,3,0.995,0.9152,0.9607,0.9134
SEM_QA_0028,Semiconductors,multi,3,0.966,0.995,0.9506,0.9874
SEM_QA_0029,Semiconductors,single,3,0.8543,0.8806,0.8291,0.8566
SEM_QA_0030,Semiconductors,single,3,0.7685,0.8391,0.7024,0.764
SEM_QA_0031,Semiconductors,multi,3,0.9447,0.995,0.914,0.9634
SEM_QA_0032,Semiconductors,single,3,0.8738,0.9116,0.8449,0.8413
SEM_QA_0033,Semiconductors,multi,3,0.7728,0.719,0.6912,0.6431
SEM_QA_0034,Semiconductors,multi,3,0.7829,0.7926,0.7574,0.7559
SEM_QA_0035,Semiconductors,single,3,0.9475,0.995,0.8789,0.971
SEM_QA_0036,Semiconductors,single,3,0.9578,0.9695,0.9285,0.9444
SEM_QA_0037,Semiconductors,multi,3,0.9514,0.995,0.9033,0.995
SEM_QA_0038,Semiconductors,single,3,0.7486,0.6707,0.6481,0.5596
SEM_QA_0039,Semiconductors,multi,3,0.6441,0.7565,0.6088,0.7029
SEM_QA_0040,Semiconductors,multi,3,0.8704,0.9437,0.8372,0.9197
SEM_QA_0041,Semiconductors,single,3,0.8598,0.8944,0.8332,0.8583
SEM_QA_0042,Semiconductors,multi,3,0.966,0.9314,0.9118,0.889
SEM_QA_0043,Semiconductors,multi,3,0.8121,0.8654,0.7684,0.8258
SEM_QA_0044,Semiconductors,multi,3,0.711,0.7763,0.605,0.718
SEM_QA_0045,Semiconductors,single,3,0.8479,0.9066,0.8356,0.8432
SEM_QA_0046,Semiconductors,single,3,0.815,0.7581,0.7282,0.6903
SEM_QA_0047,Semiconductors,single,3,0.995,0.995,0.9331,0.995
SEM_QA_0048,Semiconductors,multi,3,0.8959,0.9039,0.8275,0.8608
SEM_QA_0049,Semiconductors,multi,3,0.6794,0.6132,0.5551,0.502
SEM_QA_0050,Semiconductors,single,3,0.7901,0.8959,0.6934,0.8371
SEM_QA_0051,Semiconductors,single,3,0.8486,0.9317,0.813,0.8855
SEM_QA_0052,Semiconductors,single,3,0.9911,0.9905,0.9418,0.995
SEM_QA_0053,Semiconductors,single,3,0.718,0.7274,0.6297,0.7081
SEM_QA_0054,Semiconductors,single,3,0.6967,0.6554,0.5979,0.5933
SEM_QA_0055,Semiconductors,multi,3,0.7153,0.6469,0.6397,0.5417
SEM_QA_0056,Semiconductors,multi,3,0.9527,0.9799,0.9443,0.9709
SEM_QA_0057,Semiconductors,multi,3,0.8316,0.7894,0.7394,0.7108
SEM_QA_0058,Semiconductors,multi,3,0.969,0.995,0.9336,0.995
SEM_QA_0059,Semiconductors,single,3,0.7642,0.6755,0.6931,0.5855
SEM_QA_0060,Semiconductors,single,3,0.8065,0.6676,0.7519,0.5925
SEM_QA_0061,Semiconductors,single,3,0.9314,0.9924,0.8966,0.9636
SEM_QA_0062,Semiconductors,single,3,0.9804,0.995,0.93,0.995
SEM_QA_0063,Semiconductors,multi,3,0.9655,0.9754,0.9244,0.9575
SEM_QA_0064,Semiconductors,multi,3,0.7292,0.8974,0.6538,0.8511
SEM_QA_0065,Semiconductors,single,3,0.7155,0.7452,0.6088,0.7001
SEM_QA_0066,Semiconductors,multi,3,0.8276,0.9027,0.7488,0.8778
SEM_QA_0067,Semiconductors,single,3,0.9605,0.9681,0.9409,0.9246
SEM_QA_0068,Semiconductors,multi,3,0.9588,0.9688,0.9312,0.9538
SEM_QA_0069,Semiconductors,multi,3,0.8621,0.9031,0.8334,0.87
SEM_QA_0070,Semiconductors,single,3,0.977,0.995,0.9486,0.995
SEM_QA_0071,Semiconductors,single,3,0.9124,0.8979,0.8822,0.8722
SEM_QA_0072,Semiconductors,single,3,0.8756,0.995,0.7997,0.9515
SEM_QA_0073,Semiconductors,single,3,0.995,0.995,0.9742,0.9922
SEM_QA_0074,Semiconductors,single,3,0.9243,0.96,0.9035,0.9405
SEM_QA_0075,Semiconductors,single,3,0.8013,0.9656,0.7553,0.9425
SEM_QA_0076,Semiconductors,multi,3,0.7459,0.7461,0.6482,0.6825
SEM_QA_0077,Semiconductors,single,3,0.9705,0.8737,0.9512,0.8077
SEM_QA_0078,Semiconductors,single,3,0.9485,0.9836,0.9237,0.9689
SEM_QA_0079,Semiconductors,multi,3,0.9251,0.9396,0.889,0.9243
SEM_QA_0080,Semiconductors,single,3,0.9904,0.8649,0.9391,0.8174
SEM_QA_0081,Semiconductors,single,3,0.9938,0.9251,0.9481,0.8667
SEM_QA_0082,Semiconductors,single,3,0.9832,0.9943,0.9256,0.9752
SEM_QA_0083,Semiconductors,single,3,0.6504,0.6496,0.5497,0.5454
SEM_QA_0084,Semiconductors,multi,3,0.8002,0.8805,0.7521,0.8039
SEM_QA_0085,Semiconductors,single,3,0.995,0.995,0.9736,0.995
SEM_QA_0086,Semiconductors,multi,3,0.6775,0.7685,0.5947,0.6573
SEM_QA_0087,Semiconductors,multi,3,0.8505,0.871,0.8015,0.85
SEM_QA_0088,Semiconductors,single,3,0.8036,0.8969,0.7003,0.8939
SEM_QA_0089,Semiconductors,single,3,0.85,0.9264,0.808,0.8575
SEM_QA_0090,Semiconductors,single,3,0.9168,0.995,0.85,0.995
SEM_QA_0091,Semiconductors,single,3,0.7237,0.6246,0.6355,0.522
SEM_QA_0092,Semiconductors,single,3,0.846,0.8612,0.7587,0.7958
SEM_QA_0093,Semiconductors,single,3,0.9115,0.9725,0.8867,0.9768
SEM_QA_0094,Semiconductors,single,3,0.995,0.9631,0.9742,0.9455
SEM_QA_0095,Semiconductors,multi,3,0.713,0.7297,0.6495,0.6556
SEM_QA_0096,Semiconductors,multi,3,0.9684,0.9821,0.9266,0.9709
SEM_QA_0097,Semiconductors,single,3,0.9767,0.995,0.9684,0.9832
SEM_QA_0098,Semiconductors,single,3,0.9516,0.9924,0.9041,0.967
SEM_QA_0099,Semiconductors,single,3,0.9841,0.995,0.9285,0.9933
SEM_QA_0100,Semiconductors,multi,3,0.9283,0.9534,0.8587,0.9366
SEM_QA_0101,Semiconductors,single,3,0.9772,0.991,0.9172,0.9805
SEM_QA_0102,Semiconductors,single,3,0.9774,0.914,0.9173,0.8655
SEM_QA_0103,Semiconductors,multi,3,0.9716,0.9514,0.9476,0.9521
SEM_QA_0104,Semiconductors,single,3,0.8429,0.7363,0.7616,0.653
SEM_QA_0105,Semiconductors,multi,3,0.7455,0.7334,0.6588,0.7236
SEM_QA_0106,Semiconductors,multi,3,0.995,0.995,0.9409,0.995
SEM_QA_0107,Semiconductors,single,3,0.9818,0.9849,0.9619,0.9815
SEM_QA_0108,Semiconductors,multi,3,0.8014,0.8994,0.7166,0.8427
SEM_QA_0109,Semiconductors,single,3,0.9024,0.9785,0.8667,0.9644
SEM_QA_0110,Semiconductors,multi,3,0.6002,0.7882,0.3996,0.7146
SEM_QA_0111,Semiconductors,single,3,0.9756,0.9821,0.92,0.9485
SEM_QA_0112,Semiconductors,single,3,0.969,0.9464,0.9313,0.8924
SEM_QA_0113,Semiconductors,single,3,0.8273,0.8763,0.7513,0.8092
SEM_QA_0114,Semiconductors,single,3,0.9725,0.9601,0.9283,0.9318
SEM_QA_0115,Semiconductors,multi,3,0.784,0.7275,0.7497,0.6634
SEM_QA_0116,Semiconductors,single,3,0.9393,0.995,0.8888,0.995
SEM_QA_0117,Semiconductors,multi,3,0.963,0.9707,0.9258,0.9432
SEM_QA_0118,Semiconductors,single,3,0.9704,0.9724,0.9176,0.9602
SEM_QA_0119,Semiconductors,single,3,0.9648,0.9434,0.9605,0.9428
SEM_QA_0120,Semiconductors,single,3,0.8375,0.8808,0.7662,0.8214
SEM_QA_0121,Semiconductors,single,3,0.5567,0.5225,0.37,0.5005
SEM_QA_0122,Semiconductors,single,3,0.8921,0.9599,0.8379,0.9516
SEM_QA_0123,Semiconductors,single,3,0.7986,0.995,0.7835,0.9774
SEM_QA_0124,Semiconductors,single,3,0.9426,0.9061,0.895,0.8663
SEM_QA_0125,Semiconductors,single,3,0.9944,0.995,0.9364,0.9744
SEM_QA_0126,Semiconductors,multi,3,0.8199,0.9499,0.7448,0.9152
BAT_QA_0001,Batteries,single,3,0.8644,0.8003,0.7607,0.7486
BAT_QA_0002,Batteries,single,3,0.9437,0.995,0.9126,0.977
BAT_QA_0003,Batteries,multi,3,0.8354,0.9378,0.8087,0.919
BAT_QA_0004,Batteries,single,3,0.7723,0.9743,0.7152,0.9513
BAT_QA_0005,Batteries,single,3,0.9543,0.995,0.9538,0.9685
BAT_QA_0006,Batteries,single,3,0.9922,0.995,0.9393,0.9678
BAT_QA_0007,Batteries,multi,3,0.9858,0.958,0.9508,0.9232
BAT_QA_0008,Batteries,single,3,0.9905,0.995,0.9248,0.995
BAT_QA_0009,Batteries,single,3,0.8708,0.9104,0.8414,0.8916
BAT_QA_0010,Batteries,single,3,0.9898,0.9199,0.9742,0.9035
BAT_QA_0011,Batteries,single,3,0.9583,0.9014,0.9301,0.8216
BAT_QA_0012,Batteries,single,3,0.8657,0.9485,0.8412,0.9178
BAT_QA_0013,Batteries,single,3,0.9817,0.995,0.9496,0.995
BAT_QA_0014,Batteries,multi,3,0.967,0.8925,0.9226,0.869
BAT_QA_0015,Batteries,multi,3,0.9259,0.995,0.9061,0.9782
BAT_QA_0016,Batteries,single,3,0.7203,0.4842,0.6181,0.4641
BAT_QA_0017,Batteries,multi,3,0.6891,0.827,0.6002,0.8045
BAT_QA_0018,Batteries,single,3,0.6235,0.5799,0.4936,0.4548
BAT_QA_0019,Batteries,single,3,0.9234,0.9418,0.8796,0.8902
BAT_QA_0020,Batteries,single,3,0.411,0.4444,0.2382,0.2811
BAT_QA_0021,Batteries,single,3,0.6913,0.6714,0.5692,0.5916
BAT_QA_0022,Batteries,multi,3,0.5823,0.7378,0.4747,0.6289
BAT_QA_0023,Batteries,single,3,0.9281,0.9807,0.896,0.9312
BAT_QA_0024,Batteries,single,3,0.8828,0.8807,0.8525,0.8723
BAT_QA_0025,Batteries,single,3,0.9572,0.9703,0.9344,0.9449
BAT_QA_0026,Batteries,multi,3,0.7275,0.7482,0.6573,0.672
BAT_QA_0027,Batteries,single,3,0.9525,0.995,0.9204,0.9707
BAT_QA_0028,Batteries,single,3,0.8974,0.9467,0.8811,0.9335
BAT_QA_0029,Batteries,single,3,0.9554,0.995,0.9301,0.9889
BAT_QA_0030,Batteries,single,3,0.995,0.9549,0.9457,0.9161
BAT_QA_0031,Batteries,multi,3,0.9221,0.995,0.8959,0.9671
BAT_QA_0032,Batteries,multi,3,0.9477,0.9666,0.9233,0.9193
BAT_QA_0033,Batteries,single,3,0.953,0.9596,0.908,0.9324
BAT_QA_0034,Batteries,single,3,0.937,0.9507,0.8937,0.9391
BAT_QA_0035,Batteries,multi,3,0.9845,0.9727,0.9284,0.9558
BAT_QA_0036,Batteries,single,3,0.9751,0.995,0.9188,0.995
BAT_QA_0037,Batteries,multi,3,0.8013,0.7876,0.7121,0.7356
BAT_QA_0038,Batteries,single,3,0.989,0.8758,0.9196,0.8439
BAT_QA_0039,Batteries,multi,3,0.8101,0.7593,0.7436,0.6744
BAT_QA_0040,Batteries,single,3,0.995,0.995,0.9611,0.995
BAT_QA_0041,Batteries,single,3,0.8417,0.7226,0.7751,0.6455
BAT_QA_0042,Batteries,multi,3,0.9051,0.9096,0.8689,0.8404
BAT_QA_0043,Batteries,single,3,0.9537,0.995,0.943,0.9814
BAT_QA_0044,Batteries,single,3,0.9058,0.9515,0.856,0.9235
BAT_QA_0045,Batteries,multi,3,0.9621,0.9899,0.9364,0.9458
BAT_QA_0046,Batteries,multi,3,0.7341,0.7102,0.6353,0.6306
BAT_QA_0047,Batteries,single,3,0.9123,0.8758,0.8475,0.849
BAT_QA_0048,Batteries,single,3,0.9679,0.9331,0.9182,0.9003
BAT_QA_0049,Batteries,single,3,0.8432,0.9,0.788,0.8414
BAT_QA_0050,Batteries,single,3,0.873,0.7954,0.8074,0.7169
BAT_QA_0051,Batteries,single,3,0.8168,0.7766,0.7527,0.7076
BAT_QA_0052,Batteries,single,3,0.8537,0.7729,0.7862,0.6995
BAT_QA_0053,Batteries,single,3,0.7237,0.8811,0.6318,0.8131
BAT_QA_0054,Batteries,single,3,0.995,0.9717,0.9742,0.9523
BAT_QA_0055,Batteries,single,3,0.7882,0.7149,0.6919,0.6002
BAT_QA_0056,Batteries,single,3,0.9254,0.9687,0.8813,0.9475
BAT_QA_0057,Batteries,multi,3,0.9597,0.9521,0.9347,0.9568
BAT_QA_0058,Batteries,single,3,0.9249,0.995,0.8745,0.9367
BAT_QA_0059,Batteries,single,3,0.9448,0.9447,0.9431,0.9339
BAT_QA_0060,Batteries,multi,3,0.8076,0.7201,0.6981,0.6378
BAT_QA_0061,Batteries,single,3,0.7174,0.7503,0.6145,0.6889
BAT_QA_0062,Batteries,multi,3,0.5931,0.5639,0.5723,0.4439
BAT_QA_0063,Batteries,single,3,0.979,0.9646,0.9524,0.9235
BAT_QA_0064,Batteries,single,3,0.9306,0.9872,0.9007,0.9485
BAT_QA_0065,Batteries,single,3,0.995,0.9922,0.9498,0.995
BAT_QA_0066,Batteries,single,3,0.7471,0.6925,0.7253,0.6115
BAT_QA_0067,Batteries,single,3,0.8708,0.906,0.814,0.8299
BAT_QA_0068,Batteries,multi,3,0.9723,0.846,0.9298,0.8171
BAT_QA_0069,Batteries,single,3,0.7407,0.7327,0.6461,0.605
BAT_QA_0070,Batteries,multi,3,0.9698,0.9057,0.9142,0.8673
BAT_QA_0071,Batteries,single,3,0.9554,0.8927,0.9371,0.8408
BAT_QA_0072,Batteries,multi,3,0.9387,0.9156,0.9111,0.8795
BAT_QA_0073,Batteries,single,3,0.995,0.9918,0.9742,0.9542
BAT_QA_0074,Batteries,multi,3,0.7296,0.6756,0.6289,0.5646
BAT_QA_0075,Batteries,single,3,0.9188,0.995,0.8816,0.995
BAT_QA_0076,Batteries,multi,3,0.7654,0.7465,0.6725,0.6943
BAT_QA_0077,Batteries,single,3,0.9876,0.995,0.9586,0.995
BAT_QA_0078,Batteries,single,3,0.8664,0.9307,0.8089,0.9119
BAT_QA_0079,Batteries,multi,3,0.8183,0.7913,0.7344,0.7368
BAT_QA_0080,Batteries,single,3,0.9243,0.9692,0.8975,0.9342
BAT_QA_0081,Batteries,single,3,0.9443,0.8567,0.879,0.8272
BAT_QA_0082,Batteries,multi,3,0.995,0.9545,0.9742,0.9115
BAT_QA_0083,Batteries,single,3,0.59,0.7309,0.4732,0.6538
BAT_QA_0084,Batteries,single,3,0.9268,0.868,0.8736,0.8472
BAT_QA_0085,Batteries,multi,3,0.8079,0.7003,0.6985,0.6065
BAT_QA_0086,Batteries,multi,3,0.8414,0.9617,0.7643,0.9375
BAT_QA_0087,Batteries,single,3,0.9656,0.995,0.9544,0.995
BAT_QA_0088,Batteries,single,3,0.8121,0.7887,0.7653,0.7318
BAT_QA_0089,Batteries,single,3,0.9072,0.995,0.8979,0.9892
BAT_QA_0090,Batteries,single,3,0.9419,0.8986,0.9228,0.8565
BAT_QA_0091,Batteries,single,3,0.9713,0.995,0.951,0.9612
BAT_QA_0092,Batteries,single,3,0.7364,0.7978,0.6507,0.7487
BAT_QA_0093,Batteries,single,3,0.9678,0.7911,0.8972,0.7149
BAT_QA_0094,Batteries,single,3,0.7629,0.7063,0.6485,0.6061
BAT_QA_0095,Batteries,single,3,0.9802,0.9342,0.9137,0.9218
BAT_QA_0096,Batteries,single,3,0.9921,0.9736,0.9549,0.9569
BAT_QA_0097,Batteries,multi,3,0.7562,0.5436,0.6691,0.5249
BAT_QA_0098,Batteries,multi,3,0.7836,0.7572,0.6985,0.6461
BAT_QA_0099,Batteries,single,3,0.8552,0.7866,0.7733,0.6951
BAT_QA_0100,Batteries,multi,3,0.9389,0.9248,0.8896,0.8871
BAT_QA_0101,Batteries,single,3,0.911,0.9068,0.8738,0.8693
BAT_QA_0102,Batteries,multi,3,0.9166,0.8446,0.8842,0.8139
BAT_QA_0103,Batteries,single,3,0.9198,0.9438,0.891,0.8951
BAT_QA_0104,Batteries,multi,3,0.7402,0.875,0.6353,0.8406
BAT_QA_0105,Batteries,single,3,0.8863,0.7775,0.8294,0.7092
BAT_QA_0106,Batteries,multi,3,0.8717,0.8714,0.821,0.803
BAT_QA_0107,Batteries,multi,3,0.8399,0.7597,0.7431,0.6899
BAT_QA_0108,Batteries,single,3,0.9148,0.8645,0.8913,0.8388
BAT_QA_0109,Batteries,single,3,0.9016,0.8066,0.8691,0.774
BAT_QA_0110,Batteries,single,3,0.9219,0.8634,0.9122,0.7729
BAT_QA_0111,Batteries,multi,3,0.9763,0.9837,0.9138,0.95
BAT_QA_0112,Batteries,single,3,0.995,0.9719,0.9506,0.9213
BAT_QA_0113,Batteries,multi,3,0.9241,0.8594,0.8671,0.8021
BAT_QA_0114,Batteries,multi,3,0.7882,0.8215,0.7126,0.7427
BAT_QA_0115,Batteries,multi,3,0.9723,0.9895,0.9071,0.9734
BAT_QA_0116,Batteries,single,3,0.9947,0.995,0.9742,0.9801
BAT_QA_0117,Batteries,multi,3,0.7032,0.7878,0.5503,0.6851
BAT_QA_0118,Batteries,single,3,0.8572,0.851,0.8182,0.7682
BAT_QA_0119,Batteries,single,3,0.7006,0.7162,0.6009,0.6179
BAT_QA_0120,Batteries,single,3,0.8968,0.9115,0.888,0.909
BAT_QA_0121,Batteries,single,3,0.9709,0.8033,0.912,0.7496
BAT_QA_0122,Batteries,single,3,0.9459,0.925,0.8988,0.8971
BAT_QA_0123,Batteries,single,3,0.9705,0.9389,0.9323,0.927
BAT_QA_0124,Batteries,single,3,0.7508,0.6715,0.6264,0.61
